1493351399,9981.0498,10023.2500,9968.7002,10020.4502,0
1493351699,9986.2998,9991.9502,9975.8496,9981.9502,0
1493351999,9990.9502,10000.9004,9984.0996,9986.5498,0
1493352299,9984.3496,10005.5996,9982.9004,9991.7998,0
1493352599,9983.0498,9995.9502,9981.8496,9984.5498,0
1493352899,9980.9004,9982.5498,9970.0000,9982.5000,0
1493353199,9983.5498,9986.5498,9977.4004,9981.0000,0
1493353499,9969.4502,9984.7002,9967.9004,9984.7002,0
1493353799,9963.0996,9973.0498,9962.7002,9970.0498,0
1493354099,9957.7998,9964.0000,9952.0000,9963.3496,0
1493354399,9944.0498,9961.2002,9943.4004,9958.0000,0
1493354699,9927.3496,9950.5498,9927.3496,9943.8496,0
1493354999,9925.2500,9928.2998,9920.9004,9927.0996,0
1493355298,9928.0996,9931.4004,9922.7002,9925.0996,0
1493355599,9944.5000,9944.5000,9928.5000,9928.5000,0
1493355899,9960.0498,9962.7002,9944.5498,9944.5498,0
1493356199,9956.2998,9961.2500,9954.7998,9959.9502,0
1493356499,9959.3496,9963.3496,9953.4502,9956.7002,0
1493356799,9963.9004,9968.2002,9958.9004,9959.0000,0
1493357099,9967.7998,9968.8496,9963.6504,9963.8496,0
1493357399,9970.5498,9971.2500,9964.5000,9968.5498,0
1493357699,9954.2002,9970.5498,9954.2002,9969.9004,0
1493357999,9964.7998,9965.0000,9954.0996,9954.3496,0
1493358299,9966.5996,9968.0996,9964.0000,9964.2500,0
1493358599,9970.7500,9971.5000,9964.5996,9966.3496,0
1493358899,9976.7002,9978.6504,9969.9004,9970.2500,0
1493359199,9982.5498,9983.3496,9976.3496,9976.3496,0
1493359498,9987.2500,9989.2500,9980.3496,9981.5996,0
1493359799,9981.0498,9988.0498,9979.8496,9986.5498,0
1493360099,9979.9004,9982.7002,9979.0000,9980.5498,0
1493360398,9978.9502,9982.8496,9977.4004,9979.6504,0
1493360699,9980.4502,9981.5000,9977.7500,9978.4502,0
1493360998,9980.0498,9982.2002,9977.2500,9980.5000,0
1493361299,9973.9004,9981.0498,9971.5000,9979.7998,0
1493361599,9975.4502,9977.5000,9971.8496,9972.7998,0
1493361899,9980.0000,9982.0498,9974.2998,9974.8496,0
1493362199,9978.7998,9982.3496,9976.5498,9979.9502,0
1493362498,9982.0996,9982.7500,9977.0000,9980.0000,0
1493362797,9979.9004,9982.9004,9978.7002,9982.5000,0
1493363098,9977.2500,9985.0000,9976.5996,9980.2998,0
1493363398,9975.7998,9984.0000,9975.5996,9977.7998,0
1493363699,9980.0996,9982.5498,9975.7998,9976.5996,0
1493363999,9982.1504,9985.0498,9979.5498,9980.3496,0
1493364299,9992.1504,9992.1504,9981.2998,9981.8496,0
1493364596,9983.7002,9991.7998,9981.7002,9990.8496,0
1493364899,9975.2998,9982.5000,9975.2998,9982.5000,0
1493365197,9972.3496,9979.0996,9969.9004,9976.5000,0
1493365499,9977.7500,9981.0498,9972.5996,9972.5996,0
1493365799,9978.8496,9981.0996,9976.1504,9978.9004,0
1493366098,9983.0498,9986.2500,9977.5996,9978.7998,0
1493366399,9985.3496,9987.5996,9982.3496,9983.6504,0
1493366699,9984.1504,9987.3496,9983.7002,9984.9004,0
1493366999,9984.2998,9996.0000,9982.2500,9984.0000,0
1493367299,9981.5000,9986.7002,9980.5498,9983.3496,0
1493367599,9974.0996,9988.4004,9968.5996,9980.5996,0
1493367899,9970.3496,9975.9502,9959.7998,9972.9502,0
1493368198,9973.0000,9974.8496,9960.5498,9970.2998,0
1493368498,9970.9502,9977.7002,9968.2500,9973.3496,0
1493368799,9973.2500,9976.4502,9969.9004,9970.1504,0
1493369099,9981.4004,9983.5000,9973.5996,9973.7500,0
1493369399,9977.5498,9985.1504,9977.5498,9981.0996,0
1493369699,9971.0498,9977.2998,9967.9502,9977.2998,0
1493369999,9968.0000,9971.9502,9964.9502,9971.9004,0
1493370298,9960.4004,9973.9502,9959.7500,9967.7998,0
1493370599,9965.5996,9969.5498,9959.5996,9960.0996,0
1493370899,9959.4502,9966.5498,9959.2002,9965.2002,0
1493371199,9952.9004,9962.8496,9949.7002,9960.4502,0
1493371498,9951.7500,9958.2998,9947.3496,9953.9004,0
1493371799,9952.9004,9959.0000,9949.4004,9951.6504,0
1493372099,9939.5498,9954.2500,9936.4502,9952.5000,0
1493372399,9933.4004,9944.4502,9931.0000,9939.4502,0
1493372699,9934.7998,9936.9004,9929.8496,9933.2002,0
1493372999,9951.4004,9953.7998,9928.7002,9934.7002,0
1493373299,9946.6504,9952.6504,9946.6504,9952.4004,0
1493373599,9957.5000,9960.6504,9939.0996,9948.4502,0
1493373600,9960.6504,9960.6504,9960.6504,9960.6504,0
1493696999,9991.7500,10007.9004,9987.0498,10000.7998,0
1493697299,10007.9502,10011.3496,9992.1504,9992.7002,0
1493697599,10013.3496,10016.7500,10007.7500,10008.5000,0
1493697899,10015.0996,10017.4502,10009.3496,10015.0996,0
1493698199,10019.0498,10021.4004,10010.7002,10015.2500,0
1493698498,10036.0996,10036.9004,10017.5000,10019.2500,0
1493698799,10037.4502,10042.4502,10033.5498,10036.5000,0
1493699098,10031.9004,10038.0996,10030.7002,10038.0000,0
1493699399,10026.5498,10031.8496,10019.0498,10031.8496,0
1493699699,10029.5996,10032.0996,10026.2002,10026.5000,0
1493699999,10024.4004,10031.2998,10024.4004,10030.0996,0
1493700298,10017.8496,10025.7500,10017.6504,10025.0000,0
1493700599,10011.1504,10018.5498,10009.4004,10018.4004,0
1493700899,10006.5000,10012.2002,10001.2500,10011.4502,0
1493701199,10011.2998,10015.0498,10006.1504,10007.1504,0
1493701499,10004.5996,10013.5498,10003.9502,10011.7002,0
1493701799,10013.2998,10017.7998,10004.9502,10005.0000,0
1493702098,10006.2500,10014.6504,10004.2998,10013.0000,0
1493702399,9986.9004,10006.4004,9985.2002,10006.4004,0
1493702696,9987.4004,9988.2002,9977.2500,9987.1504,0
1493702998,9984.2998,9991.5498,9982.3496,9987.7500,0
1493703298,9982.0996,9985.6504,9975.7500,9984.8496,0
1493703599,9989.0000,9989.0000,9981.5000,9982.2500,0
1493703898,9980.2002,9989.2002,9980.2002,9989.2002,0
1493704199,9974.2002,9980.2002,9960.3496,9980.1504,0
1493704499,9974.2002,9979.7998,9971.5996,9973.0996,0
1493704799,9976.6504,9977.0996,9972.9502,9974.8496,0
1493705099,9980.7500,9985.4004,9975.0498,9975.7002,0
1493705399,9984.6504,9989.0996,9979.5000,9980.9502,0
1493705699,9985.7998,9988.5498,9983.1504,9985.5996,0
1493705999,9984.1504,9987.8496,9980.7998,9985.8496,0
1493706299,9989.7998,9989.7998,9983.0498,9983.7998,0
1493706599,9991.0000,9991.0000,9986.8496,9989.4004,0
1493706898,9988.4502,9990.2500,9986.8496,9988.9004,0
1493707199,9991.7500,9993.5000,9987.0498,9987.4502,0
1493707499,10001.7002,10002.1504,9992.4502,9993.2500,0
1493707799,10011.0000,10012.2002,10001.2998,10001.5996,0
1493708099,10013.4502,10014.5498,10009.7998,10011.0996,0
1493708399,10017.7002,10017.7002,10012.7998,10013.5000,0
1493708699,10017.0000,10019.2500,10014.1504,10017.6504,0
1493708999,10017.2500,10020.0996,10015.5996,10018.0996,0
1493709299,10005.9502,10017.2998,10003.2002,10017.2998,0
1493709599,10011.7002,10012.7998,10007.7500,10008.4004,0
1493709899,10009.7500,10012.8496,10008.7500,10011.5498,0
1493710199,10013.4502,10013.4502,10008.3496,10009.4004,0
1493710499,10008.5498,10013.3496,10006.5996,10013.0996,0
1493710799,10003.5498,10009.0498,9998.0000,10008.1504,0
1493711099,10010.7998,10010.7998,10001.4004,10002.4502,0
1493711399,10014.7500,10019.6504,10008.5996,10010.8496,0
1493711699,10017.7002,10018.0996,10012.7002,10014.6504,0
1493711999,10019.2002,10021.4004,10011.0996,10017.5498,0
1493712299,10016.0000,10019.7998,10014.8496,10019.5996,0
1493712599,10017.5000,10018.2002,10014.0498,10016.5996,0
1493712899,10017.2500,10018.5996,10014.5000,10017.6504,0
1493713199,10014.1504,10020.0996,10013.5996,10016.9004,0
1493713499,10013.1504,10015.9004,10009.5996,10014.2500,0
1493713799,10011.8496,10013.0996,10006.9004,10013.0996,0
1493714099,10005.7998,10012.1504,10000.1504,10011.9004,0
1493714399,10003.8496,10008.7002,10003.7500,10006.2998,0
1493714699,10004.2002,10008.7998,10002.8496,10003.5000,0
1493714999,9998.7002,10004.5996,9998.4004,10004.1504,0
1493715299,9992.9004,9999.7500,9992.5996,9998.6504,0
1493715599,9987.5498,9993.5996,9984.7500,9993.2998,0
1493715899,9986.6504,9989.2002,9981.7002,9987.4004,0
1493716199,9986.3496,9991.2500,9982.8496,9987.5996,0
1493716499,9990.4004,9993.0000,9984.5996,9986.7500,0
1493716799,10000.5996,10002.7500,9989.1504,9990.9004,0
1493717099,10000.7002,10004.5498,9999.2002,10001.2998,0
1493717399,10005.0000,10006.4502,9996.2002,10000.5498,0
1493717699,10008.2998,10010.7002,10002.9502,10006.4004,0
1493717999,9998.7998,10008.2500,9997.6504,10008.2500,0
1493718299,10006.8496,10008.7500,9998.7500,9998.9502,0
1493718599,10011.8496,10013.5996,10002.4502,10006.9004,0
1493718899,10011.9004,10016.7002,10008.7500,10011.9004,0
1493719199,10002.6504,10016.1504,10001.5996,10012.6504,0
1493719200,10001.7500,10001.7500,10001.7500,10001.7500,0
1493783399,10023.2998,10043.0000,10013.4004,10043.0000,0
1493783699,9996.7002,10031.6504,9996.7002,10021.9502,0
1493783999,10012.1504,10014.2500,9995.2500,9996.7998,0
1493784299,10018.3496,10021.9004,10011.2998,10012.0498,0
1493784599,10016.5498,10018.7998,10007.4004,10017.4004,0
1493784899,10023.5498,10024.0000,10015.0498,10017.7500,0
1493785199,10020.8496,10030.4004,10016.0996,10026.6504,0
1493785499,10032.5000,10033.2002,10019.2002,10019.2002,0
1493785799,10048.3496,10050.0996,10033.0498,10033.3496,0
1493786099,10062.6504,10065.7500,10047.6504,10048.0000,0
1493786399,10070.6504,10070.6504,10058.2002,10063.1504,0
1493786699,10086.6504,10098.2500,10065.9004,10070.2500,0
1493786999,10090.0498,10095.7998,10083.0498,10087.2002,0
1493787296,10086.6504,10092.5996,10082.7002,10090.7500,0
1493787599,10082.3496,10088.5000,10078.6504,10086.5498,0
1493787899,10095.0498,10098.8496,10080.1504,10082.2002,0
1493788198,10095.5498,10097.2002,10091.1504,10095.7998,0
1493788499,10099.4502,10099.7998,10093.7002,10096.5000,0
1493788798,10110.0000,10112.2002,10099.6504,10099.6504,0
1493789099,10112.5498,10119.9004,10106.1504,10109.5498,0
1493789399,10123.6504,10124.1504,10110.0000,10113.3496,0
1493789699,10125.2998,10133.2500,10122.2998,10123.5000,0
1493789999,10128.0996,10130.5996,10119.9004,10125.7998,0
1493790299,10125.0000,10133.0000,10122.3496,10127.2002,0
1493790599,10112.2500,10128.0498,10111.7002,10126.7998,0
1493790899,10117.7500,10121.4004,10111.1504,10111.5000,0
1493791199,10120.0996,10122.5498,10115.1504,10117.8496,0
1493791497,10115.7500,10120.4502,10114.5000,10119.5498,0
1493791799,10112.0000,10118.1504,10110.7002,10115.6504,0
1493792099,10107.5996,10112.9502,10107.5996,10111.9502,0
1493792399,10104.5996,10109.7998,10104.0000,10107.6504,0
1493792699,10125.4004,10126.4502,10104.1504,10105.2500,0
1493792999,10125.5000,10128.4502,10123.1504,10126.2002,0
1493793298,10119.2998,10134.5000,10115.5996,10125.4502,0
1493793599,10121.7500,10126.0000,10119.2002,10120.4004,0
1493793899,10124.9004,10126.9004,10120.2500,10122.6504,0
1493794199,10137.0996,10137.3496,10123.7002,10124.2998,0
1493794499,10138.2002,10142.0498,10133.9004,10135.6504,0
1493794799,10141.9502,10142.5000,10136.7500,10138.9502,0
1493795099,10133.5498,10144.4004,10132.5498,10141.2002,0
1493795399,10116.4502,10133.7998,10105.9004,10133.4502,0
1493795699,10119.5996,10122.1504,10115.9004,10117.0000,0
1493795999,10122.8496,10125.3496,10119.2500,10120.3496,0
1493796298,10120.0996,10126.0996,10119.2998,10123.1504,0
1493796599,10130.0498,10130.0498,10118.2500,10120.7500,0
1493796899,10136.2998,10138.0996,10130.8496,10131.2500,0
1493797199,10146.0996,10148.7998,10134.2002,10135.6504,0
1493797499,10149.0498,10149.2500,10144.0000,10146.0498,0
1493797799,10139.9004,10150.7998,10139.9004,10148.4004,0
1493798098,10135.6504,10142.9502,10131.8496,10139.5996,0
1493798397,10141.4502,10143.0996,10136.5498,10136.5498,0
1493798698,10137.4004,10142.5498,10135.7998,10142.4502,0
1493798999,10123.9004,10138.7500,10112.2002,10137.7998,0
1493799299,10119.0498,10128.2998,10115.2002,10124.5498,0
1493799599,10122.3496,10127.0498,10118.5996,10119.2500,0
1493799899,10114.7002,10124.5498,10112.0000,10122.4004,0
1493800198,10114.6504,10115.8496,10110.6504,10114.9004,0
1493800499,10117.4004,10120.1504,10113.0996,10113.7500,0
1493800797,10117.8496,10118.7500,10115.1504,10117.5000,0
1493801099,10123.4502,10124.7002,10114.7002,10117.4502,0
1493801399,10112.8496,10125.4502,10111.8496,10124.0996,0
1493801698,10109.0996,10119.0498,10108.0996,10113.1504,0
1493801999,10115.7500,10116.4004,10107.9004,10109.5498,0
1493802299,10116.5498,10119.0498,10114.4004,10115.5000,0
1493802598,10118.9502,10120.0996,10113.3496,10115.2002,0
1493802899,10122.5498,10125.0498,10117.6504,10118.4004,0
1493803199,10123.0498,10124.0000,10118.7500,10122.5000,0
1493803498,10121.3496,10124.6504,10116.5498,10122.4502,0
1493803799,10122.0498,10124.5996,10119.4502,10121.4004,0
1493804099,10136.9502,10137.9502,10121.1504,10122.2002,0
1493804399,10135.8496,10141.0498,10134.1504,10137.0000,0
1493804699,10132.0498,10137.4004,10127.9502,10136.0996,0
1493804999,10131.5000,10135.7500,10112.3496,10132.5000,0
1493805299,10131.7998,10135.5996,10125.2002,10131.2500,0
1493805599,10127.7500,10131.8496,10121.9004,10131.5498,0
1493805600,10127.7998,10127.7998,10127.7998,10127.7998,0
1493869799,10164.7998,10166.1504,10144.5000,10155.0498,0
1493870099,10164.0996,10169.9502,10161.4004,10166.0498,0
1493870398,10157.5498,10167.2500,10155.2998,10164.3496,0
1493870699,10145.5498,10158.0000,10144.2500,10157.2998,0
1493870999,10130.2500,10146.0996,10123.4004,10145.7002,0
1493871299,10130.2998,10142.6504,10128.2998,10130.7998,0
1493871599,10124.4004,10134.1504,10122.7002,10130.0498,0
1493871899,10107.7500,10126.3496,10107.2002,10125.5498,0
1493872198,10108.5498,10115.1504,10101.7500,10107.2002,0
1493872499,10115.4004,10127.3496,10107.4502,10108.4502,0
1493872799,10113.1504,10119.7002,10112.0996,10115.5498,0
1493873099,10113.7002,10115.7002,10110.1504,10112.7500,0
1493873399,10118.5996,10121.4502,10113.0996,10113.0996,0
1493873699,10120.5498,10122.5996,10115.0996,10118.8496,0
1493873998,10118.7002,10120.7500,10114.0000,10120.7500,0
1493874299,10126.0498,10129.5996,10117.5498,10118.6504,0
1493874599,10118.1504,10126.5996,10116.7500,10126.2998,0
1493874899,10120.2500,10121.7500,10113.0996,10118.2500,0
1493875198,10123.7002,10124.8496,10119.4502,10119.5498,0
1493875498,10120.9502,10123.9004,10114.0996,10123.5996,0
1493875798,10118.7002,10121.5000,10114.9004,10120.7500,0
1493876099,10116.9502,10121.0000,10116.4502,10118.7998,0
1493876399,10090.2998,10117.2998,10089.2500,10116.7998,0
1493876699,10100.4502,10101.6504,10090.1504,10090.5996,0
1493876997,10102.9004,10106.0996,10097.0000,10099.8496,0
1493877297,10099.0498,10102.6504,10094.4004,10102.6504,0
1493877599,10095.7500,10100.9502,10089.2998,10099.2500,0
1493877899,10086.4502,10095.7500,10086.4502,10095.5996,0
1493878199,10082.4502,10088.9502,10080.5996,10087.0000,0
1493878499,10057.1504,10083.2002,10057.1504,10082.2998,0
1493878799,10068.5498,10068.8496,10055.1504,10056.7500,0
1493879099,10077.0498,10081.0000,10067.0498,10068.0996,0
1493879396,10068.0000,10075.9502,10066.5000,10075.9502,0
1493879699,10068.3496,10072.5498,10066.2002,10067.7002,0
1493879997,10074.5498,10076.4004,10067.3496,10067.8496,0
1493880299,10063.5996,10074.6504,10063.5996,10074.2500,0
1493880599,10061.5498,10064.5000,10055.0498,10063.7998,0
1493880899,10068.7500,10069.5996,10060.0996,10061.3496,0
1493881197,10067.3496,10072.2002,10064.8496,10068.4502,0
1493881499,10073.0996,10073.9004,10062.9502,10067.7998,0
1493881799,10077.2998,10077.5498,10072.2998,10073.2500,0
1493882099,10077.3496,10083.4004,10076.4502,10077.1504,0
1493882399,10070.4502,10079.9502,10067.2002,10078.0996,0
1493882699,10065.1504,10071.7002,10063.8496,10070.8496,0
1493882999,10069.5996,10071.5000,10058.3496,10065.4502,0
1493883299,10067.4502,10068.9004,10066.9004,10068.5996,0
1493883599,10068.5000,10069.6504,10067.0000,10067.6504,0
1493883899,10076.5996,10077.0996,10067.5498,10068.7002,0
1493884199,10079.0000,10079.6504,10064.2500,10077.1504,0
1493884499,10078.1504,10083.5498,10072.2998,10079.0996,0
1493884799,10083.5000,10083.8496,10078.1504,10078.5996,0
1493885099,10076.0000,10086.0000,10073.7998,10084.0498,0
1493885398,10073.0996,10076.0000,10066.2500,10075.9004,0
1493885698,10077.2002,10077.7002,10070.4004,10072.5000,0
1493885999,10080.2500,10082.4502,10074.9502,10076.5000,0
1493886299,10074.0996,10084.2500,10073.0498,10080.1504,0
1493886599,10078.5996,10079.0498,10068.5000,10074.4004,0
1493886899,10080.0498,10082.0498,10076.1504,10078.3496,0
1493887199,10074.7002,10080.5996,10073.5996,10080.2002,0
1493887499,10078.0000,10081.5996,10074.2002,10075.0498,0
1493887799,10078.0996,10081.4502,10075.1504,10078.1504,0
1493888098,10078.2500,10081.0498,10075.2500,10078.2002,0
1493888399,10079.5498,10079.7500,10074.6504,10078.1504,0
1493888699,10087.4004,10089.0996,10077.8496,10079.7998,0
1493888998,10091.0996,10092.2998,10084.5996,10088.4502,0
1493889299,10083.2002,10092.2002,10081.5498,10091.2002,0
1493889598,10080.9004,10083.1504,10077.5996,10082.7500,0
1493889899,10084.5498,10084.6504,10075.5000,10080.4004,0
1493890199,10083.4502,10086.9004,10080.1504,10085.0996,0
1493890499,10103.0000,10103.5498,10083.2500,10083.7500,0
1493890799,10108.2998,10110.4502,10102.2500,10103.5000,0
1493891099,10107.7500,10109.9004,10104.2002,10108.5996,0
1493891398,10111.0996,10113.1504,10102.3496,10109.2500,0
1493891699,10116.0498,10116.0498,10105.3496,10111.5996,0
1493891998,10095.5498,10115.2500,10087.9004,10115.2500,0
1493892000,10097.6504,10097.6504,10097.6504,10097.6504,0
1493956199,10075.5996,10085.5000,10047.5498,10084.5000,0
1493956499,10076.3496,10081.2002,10068.5996,10076.7500,0
1493956799,10073.0000,10080.0498,10066.8496,10076.5000,0
1493957099,10060.2500,10073.1504,10059.0498,10073.1504,0
1493957399,10058.8496,10065.5498,10056.3496,10060.4004,0
1493957699,10047.4502,10060.7998,10043.7002,10058.4004,0
1493957999,10035.4502,10050.9004,10034.0000,10046.4004,0
1493958299,10050.2500,10052.5498,10031.6504,10035.5498,0
1493958597,10055.5498,10058.0000,10043.4502,10050.7998,0
1493958899,10046.2500,10055.4004,10046.0498,10054.0000,0
1493959199,10052.5996,10058.9004,10045.9502,10046.5498,0
1493959499,10041.7998,10053.2500,10039.5000,10053.2500,0
1493959799,10033.7500,10043.2002,10033.1504,10041.9004,0
1493960098,10049.2998,10052.2002,10032.2500,10033.2998,0
1493960399,10039.5996,10050.5498,10039.2998,10049.4502,0
1493960698,10037.5996,10041.9004,10037.2002,10040.4004,0
1493960999,10037.7500,10039.5000,10035.7002,10037.5498,0
1493961299,10041.0000,10042.7002,10037.7998,10038.2998,0
1493961598,10042.3496,10045.7500,10039.9502,10041.5498,0
1493961899,10039.5498,10045.0996,10037.1504,10042.5498,0
1493962199,10043.9502,10047.4502,10036.4502,10038.9004,0
1493962498,10043.7002,10044.9502,10035.0498,10043.2998,0
1493962799,10050.0000,10050.6504,10043.4502,10043.7998,0
1493963099,10050.8496,10054.4502,10046.7998,10050.6504,0
1493963399,10052.8496,10055.0000,10047.7998,10050.7002,0
1493963698,10059.0000,10059.0498,10052.0996,10052.7500,0
1493963999,10060.0498,10061.8496,10057.1504,10058.8496,0
1493964299,10064.2500,10065.3496,10059.0996,10059.8496,0
1493964599,10069.7998,10070.7998,10062.3496,10064.1504,0
1493964898,10066.8496,10070.0996,10065.5498,10069.5498,0
1493965199,10076.1504,10077.6504,10066.9502,10067.2002,0
1493965499,10057.9004,10076.9502,10050.3496,10076.9502,0
1493965799,10057.7500,10060.5498,10056.0996,10057.7998,0
1493966098,10068.4502,10068.4502,10053.8496,10057.4004,0
1493966398,10065.9502,10070.4502,10065.3496,10069.2500,0
1493966699,10068.4502,10073.0498,10062.4502,10065.4004,0
1493966999,10070.9004,10072.7002,10065.7002,10068.7002,0
1493967299,10069.7002,10071.4502,10064.0498,10070.4004,0
1493967598,10067.5498,10069.8496,10065.2998,10069.5498,0
1493967898,10068.1504,10076.3496,10067.0996,10069.1504,0
1493968199,10068.0498,10073.5000,10062.7002,10068.9502,0
1493968499,10066.2998,10077.2500,10066.2500,10069.5996,0
1493968797,10072.2500,10073.9502,10063.5498,10064.9502,0
1493969099,10071.7002,10073.5498,10064.9502,10072.2500,0
1493969399,10070.3496,10073.4502,10065.0498,10071.8496,0
1493969697,10072.7500,10079.0498,10070.2998,10070.7002,0
1493969999,10071.2002,10077.5000,10070.5000,10073.0498,0
1493970299,10061.5996,10071.0000,10055.0498,10071.0000,0
1493970599,10069.5000,10070.7002,10059.9502,10061.3496,0
1493970899,10065.4502,10069.5498,10059.4502,10068.7500,0
1493971199,10065.7998,10067.4502,10060.8496,10065.0498,0
1493971498,10070.5000,10071.9502,10065.9004,10066.0000,0
1493971798,10070.5000,10078.4502,10069.7998,10071.5498,0
1493972099,10070.6504,10077.0000,10068.9502,10070.4004,0
1493972399,10071.0000,10077.5996,10069.7500,10071.4004,0
1493972698,10065.6504,10073.4502,10065.3496,10070.8496,0
1493972999,10070.9502,10074.5996,10065.4502,10065.5996,0
1493973299,10071.5498,10074.0000,10067.4004,10070.7998,0
1493973599,10075.5996,10076.3496,10069.4502,10071.6504,0
1493973899,10074.0498,10078.0996,10068.7998,10075.9004,0
1493974199,10074.5000,10076.4502,10068.9004,10074.7002,0
1493974499,10069.7998,10075.1504,10069.4502,10073.9502,0
1493974799,10072.0000,10075.0498,10066.6504,10069.8496,0
1493975099,10059.6504,10076.2998,10048.7500,10071.3496,0
1493975399,10057.9004,10060.7998,10056.5000,10059.7998,0
1493975698,10051.0000,10060.2500,10048.7500,10057.7500,0
1493975999,10057.2002,10057.5000,10049.5000,10050.5000,0
1493976299,10062.9502,10064.4004,10056.5498,10056.7002,0
1493976599,10064.5498,10068.7500,10060.7500,10062.5498,0
1493976897,10070.7500,10070.7998,10062.9502,10064.4502,0
1493977199,10073.0996,10078.7500,10066.7500,10069.6504,0
1493977499,10095.2500,10095.2500,10073.0498,10073.1504,0
1493977799,10095.5498,10101.4502,10091.5000,10095.4004,0
1493978099,10090.4502,10095.4004,10087.7002,10095.4004,0
1493978399,10080.9004,10091.8496,10075.7500,10090.1504,0
1493978400,10081.5498,10081.5498,10081.5498,10081.5498,0
1494215399,10100.7998,10117.8496,10086.9004,10113.7998,0
1494215699,10117.2500,10118.5000,10091.7500,10101.7998,0
1494215999,10122.1504,10124.7002,10114.2998,10117.0996,0
1494216299,10124.3496,10130.5996,10121.5996,10122.2002,0
1494216599,10128.2002,10129.8496,10120.4502,10124.6504,0
1494216899,10140.2500,10149.5000,10126.3496,10128.2500,0
1494217198,10133.5498,10145.9004,10133.2002,10140.3496,0
1494217499,10126.7002,10133.5498,10123.1504,10133.2998,0
1494217799,10125.7998,10129.0996,10123.8496,10126.0996,0
1494218098,10127.0000,10130.2002,10125.6504,10125.8496,0
1494218399,10130.6504,10131.2002,10124.9004,10126.9004,0
1494218699,10133.3496,10136.5000,10130.1504,10130.5996,0
1494218999,10134.1504,10135.6504,10129.7998,10132.7002,0
1494219299,10134.7998,10135.1504,10131.7002,10133.2002,0
1494219599,10138.0498,10139.8496,10133.6504,10133.7500,0
1494219899,10143.0498,10143.5000,10137.7998,10139.6504,0
1494220197,10142.5000,10145.0000,10139.7500,10142.9004,0
1494220499,10140.0498,10144.5498,10138.0996,10142.7500,0
1494220798,10145.7998,10146.4502,10139.9004,10140.5498,0
1494221099,10151.1504,10155.2998,10145.4004,10146.0498,0
1494221397,10152.8496,10155.6504,10150.7500,10150.8496,0
1494221699,10153.2998,10154.2002,10150.0000,10152.7500,0
1494221999,10156.9004,10158.7998,10152.5000,10153.0996,0
1494222299,10156.0996,10158.5996,10155.3496,10157.0498,0
1494222599,10153.3496,10157.6504,10151.2500,10156.8496,0
1494222899,10151.7002,10156.7002,10150.7998,10153.2500,0
1494223199,10148.2002,10152.1504,10146.7500,10151.9502,0
1494223499,10143.2002,10152.2002,10143.0996,10148.2998,0
1494223799,10148.0000,10149.5000,10139.0498,10142.9004,0
1494224098,10148.7500,10150.1504,10144.2998,10148.2500,0
1494224399,10159.8496,10161.0498,10147.9502,10149.0996,0
1494224699,10149.7998,10160.9502,10149.5996,10160.6504,0
1494224999,10159.6504,10161.2998,10150.0498,10150.0498,0
1494225299,10151.7500,10161.0498,10151.5996,10159.5996,0
1494225598,10155.2500,10158.9502,10150.9502,10151.7002,0
1494225896,10157.9004,10160.8496,10155.2002,10155.4502,0
1494226199,10161.4502,10165.3496,10156.0996,10158.3496,0
1494226499,10164.6504,10166.0498,10161.1504,10161.3496,0
1494226799,10168.7998,10173.8496,10163.0498,10164.5996,0
1494227098,10165.4004,10170.2998,10163.5498,10168.9502,0
1494227399,10161.4004,10167.3496,10160.7002,10165.2500,0
1494227699,10159.0000,10177.2002,10158.4502,10161.0000,0
1494227999,10159.9004,10163.5996,10156.4502,10157.5996,0
1494228298,10163.1504,10165.4004,10159.9502,10160.2002,0
1494228598,10158.4004,10163.7998,10156.7002,10162.7500,0
1494228899,10163.2002,10164.5000,10157.2002,10157.2002,0
1494229199,10169.5996,10169.7002,10163.2998,10163.4004,0
1494229498,10173.0498,10176.0498,10168.6504,10169.0498,0
1494229799,10180.5996,10181.2500,10170.9004,10172.4502,0
1494230099,10181.7998,10181.8496,10178.0996,10180.7002,0
1494230398,10181.2500,10183.3496,10179.8496,10181.5498,0
1494230699,10181.9502,10183.2002,10179.6504,10180.6504,0
1494230999,10188.7500,10189.9502,10178.8496,10181.8496,0
1494231299,10197.9502,10197.9502,10188.5000,10189.0000,0
1494231599,10203.2002,10204.3496,10194.1504,10198.1504,0
1494231899,10202.1504,10206.1504,10199.9004,10204.9502,0
1494232198,10204.0000,10208.0000,10199.5498,10199.5498,0
1494232499,10193.9502,10206.4004,10190.4004,10203.8496,0
1494232799,10203.0996,10203.0996,10194.4004,10194.4004,0
1494233099,10196.4004,10204.1504,10196.4004,10202.8496,0
1494233399,10192.0498,10198.9004,10190.3496,10196.6504,0
1494233699,10189.0996,10195.0498,10188.9004,10191.7998,0
1494233999,10191.8496,10192.9502,10183.5000,10188.9502,0
1494234299,10197.0996,10198.2002,10192.0000,10192.0000,0
1494234599,10197.0000,10201.9502,10194.2998,10197.2002,0
1494234899,10196.0996,10203.5498,10193.0000,10196.7002,0
1494235199,10199.7500,10208.4004,10193.7998,10195.7998,0
1494235499,10205.7998,10209.5000,10196.7500,10199.6504,0
1494235799,10218.5498,10219.7500,10204.0000,10205.7500,0
1494236099,10210.2998,10220.9004,10207.7500,10219.5996,0
1494236399,10219.2998,10219.5498,10206.7500,10209.2998,0
1494236699,10215.7500,10221.2998,10214.7002,10219.7998,0
1494236998,10201.7002,10216.5498,10199.5000,10216.4004,0
1494237299,10201.2002,10206.7500,10199.2002,10201.4004,0
1494237599,10203.1504,10213.5498,10198.5498,10200.7500,0
1494237600,10204.2500,10204.2500,10204.2500,10204.2500,0
1494301798,10213.6504,10246.0000,10211.4004,10246.0000,0
1494302099,10231.2002,10231.4004,10212.9004,10213.3496,0
1494302397,10224.9502,10231.7500,10224.9502,10231.5000,0
1494302699,10227.0996,10231.0000,10218.7500,10225.4502,0
1494302997,10221.9502,10228.4502,10219.6504,10226.9502,0
1494303299,10223.9502,10228.4004,10222.1504,10222.5996,0
1494303599,10231.0000,10231.2002,10219.2998,10223.8496,0
1494303899,10264.7998,10265.9502,10231.1504,10231.2002,0
1494304199,10259.3496,10271.0498,10258.6504,10265.9502,0
1494304499,10255.7002,10261.0000,10254.2500,10257.9502,0
1494304799,10257.8496,10259.5996,10254.5000,10255.8496,0
1494305098,10262.6504,10263.4502,10257.2500,10257.7002,0
1494305399,10257.8496,10262.2998,10254.4502,10262.0000,0
1494305699,10261.9502,10263.3496,10253.1504,10257.7002,0
1494305998,10256.9004,10264.6504,10255.0996,10262.2500,0
1494306299,10253.9502,10259.4502,10252.3496,10257.5000,0
1494306599,10256.7998,10260.0000,10251.5498,10254.9502,0
1494306899,10254.2500,10257.7500,10252.4502,10256.4502,0
1494307199,10250.9502,10256.9502,10250.2002,10253.9004,0
1494307499,10253.6504,10253.6504,10243.5996,10251.0996,0
1494307799,10266.2500,10267.1504,10253.5000,10253.5000,0
1494308099,10276.9004,10277.0498,10262.9004,10265.2500,0
1494308399,10275.6504,10283.4004,10273.5000,10278.1504,0
1494308699,10282.2998,10286.7998,10275.7500,10275.7998,0
1494308999,10280.1504,10282.4004,10276.8496,10282.2500,0
1494309298,10284.6504,10287.3496,10275.5996,10280.0996,0
1494309597,10283.2500,10290.8496,10283.0996,10285.4502,0
1494309899,10288.1504,10290.7002,10283.0996,10283.5000,0
1494310199,10280.0996,10288.5000,10275.7002,10287.9004,0
1494310499,10292.0000,10294.2500,10277.4502,10280.5996,0
1494310797,10288.9502,10292.7998,10287.4502,10292.1504,0
1494311099,10286.4502,10288.7998,10280.5498,10288.7998,0
1494311399,10278.2002,10288.4502,10278.2002,10286.2002,0
1494311699,10278.4004,10281.3496,10277.4004,10280.2998,0
1494311999,10271.7002,10280.7002,10270.9004,10278.2500,0
1494312299,10268.0996,10274.0996,10267.0498,10271.7998,0
1494312599,10269.5000,10271.1504,10267.5996,10267.9502,0
1494312899,10270.5996,10273.0996,10268.7998,10270.5498,0
1494313199,10264.9004,10273.5000,10264.9004,10272.7002,0
1494313499,10268.7998,10271.5996,10266.1504,10269.5498,0
1494313798,10263.5000,10270.5996,10263.5000,10268.9502,0
1494314099,10265.5996,10265.5996,10260.4004,10263.2500,0
1494314399,10267.5498,10269.5996,10264.5996,10265.0498,0
1494314699,10269.5000,10269.9004,10264.9004,10266.5498,0
1494314999,10272.2998,10274.2998,10267.5000,10269.5996,0
1494315299,10273.6504,10274.9004,10272.0498,10273.4502,0
1494315599,10278.2002,10281.2500,10272.7998,10274.0000,0
1494315899,10279.7500,10280.7998,10272.7500,10278.0996,0
1494316198,10283.3496,10285.5498,10278.6504,10279.7002,0
1494316499,10283.7500,10287.2002,10282.1504,10283.7998,0
1494316799,10281.4004,10285.7998,10280.1504,10283.2998,0
1494317099,10280.4004,10285.2998,10280.4004,10281.5000,0
1494317399,10277.7998,10284.5996,10277.5996,10280.5996,0
1494317699,10278.7998,10280.5498,10277.7500,10280.5498,0
1494317998,10276.0498,10282.2500,10275.7002,10280.0996,0
1494318298,10276.7002,10279.1504,10273.6504,10276.8496,0
1494318598,10274.5996,10279.0996,10270.7500,10276.7998,0
1494318899,10274.0000,10280.4004,10273.5996,10277.2500,0
1494319199,10278.4502,10278.7500,10272.9004,10275.4004,0
1494319499,10279.7998,10284.2500,10277.9502,10278.3496,0
1494319799,10279.7500,10285.4004,10278.7998,10280.1504,0
1494320099,10286.7500,10287.0000,10276.9502,10279.2002,0
1494320399,10283.2500,10289.0000,10276.7500,10287.0996,0
1494320699,10281.2500,10285.9502,10281.0996,10283.0996,0
1494320999,10282.5996,10283.6504,10276.2998,10281.0996,0
1494321298,10279.4502,10284.0000,10278.5000,10282.7500,0
1494321599,10280.5000,10284.2002,10276.4502,10279.4004,0
1494321896,10280.2002,10284.0498,10278.8496,10281.0000,0
1494322198,10281.1504,10286.0000,10279.8496,10281.0996,0
1494322499,10277.7998,10282.3496,10273.5996,10281.7500,0
1494322799,10281.6504,10282.9502,10276.1504,10277.8496,0
1494323099,10282.0000,10282.4004,10278.2998,10281.2500,0
1494323399,10282.0996,10284.6504,10274.7998,10282.2500,0
1494323699,10278.4502,10283.0000,10276.9502,10281.3496,0
1494323999,10279.3496,10280.4502,10273.0000,10278.5498,0
1494324000,10278.7998,10278.7998,10278.7998,10278.7998,0
1494388199,10279.5498,10296.4502,10278.4502,10283.3496,0
1494388499,10285.9502,10292.0000,10271.9502,10278.3496,0
1494388799,10259.2002,10286.2500,10259.2002,10286.0996,0
1494389099,10245.9502,10260.2998,10240.2002,10260.2998,0
1494389399,10241.2998,10251.7500,10238.2500,10244.9004,0
1494389699,10236.9004,10244.0996,10231.6504,10240.5000,0
1494389998,10235.9502,10245.6504,10231.7500,10236.8496,0
1494390299,10254.0996,10254.0996,10235.5996,10235.5996,0
1494390599,10257.0996,10261.7998,10251.2002,10254.0498,0
1494390899,10247.2500,10259.7002,10244.5498,10257.2500,0
1494391199,10244.5498,10247.8496,10241.5000,10247.8496,0
1494391499,10235.9502,10246.7998,10235.7500,10244.0996,0
1494391799,10240.3496,10240.9502,10235.1504,10235.7500,0
1494392098,10248.2002,10250.3496,10239.5498,10240.5498,0
1494392396,10245.5996,10250.3496,10245.5000,10247.9004,0
1494392699,10238.9004,10247.0498,10238.7998,10245.2998,0
1494392999,10243.8496,10246.6504,10238.0498,10238.5000,0
1494393298,10243.1504,10245.5498,10242.2998,10243.4004,0
1494393597,10246.2500,10246.7500,10241.1504,10243.0000,0
1494393899,10244.5000,10248.1504,10243.8496,10246.0996,0
1494394198,10244.5498,10249.0000,10244.0000,10244.7500,0
1494394499,10237.7002,10245.4004,10234.8496,10244.2998,0
1494394799,10237.2002,10240.7500,10235.4502,10237.7500,0
1494395099,10247.0996,10247.1504,10234.2998,10237.2998,0
1494395399,10246.3496,10252.1504,10244.4004,10246.7998,0
1494395698,10242.1504,10253.7002,10242.1504,10246.2500,0
1494395999,10242.5996,10243.6504,10239.0996,10241.2500,0
1494396299,10232.7998,10244.0000,10232.0000,10242.7002,0
1494396599,10222.5996,10232.7998,10221.2500,10231.8496,0
1494396899,10230.2998,10232.9502,10220.3496,10222.4502,0
1494397199,10231.0996,10233.6504,10223.7002,10230.3496,0
1494397499,10230.9502,10232.5996,10227.5996,10229.4004,0
1494397798,10233.5000,10235.3496,10225.2500,10230.4004,0
1494398099,10228.0996,10233.4502,10225.3496,10232.4502,0
1494398399,10225.3496,10229.5498,10223.7002,10227.1504,0
1494398699,10221.9502,10225.3496,10218.4502,10225.2500,0
1494398998,10212.2998,10220.7998,10209.6504,10220.5996,0
1494399299,10207.0498,10213.4502,10204.7002,10211.6504,0
1494399598,10209.0996,10212.3496,10205.5498,10206.7998,0
1494399899,10205.1504,10209.4502,10203.1504,10208.0996,0
1494400199,10205.7998,10207.5996,10202.1504,10205.2002,0
1494400499,10206.7002,10208.7998,10202.2998,10205.2998,0
1494400798,10206.8496,10206.8496,10198.2500,10206.5996,0
1494401099,10195.9502,10206.8496,10195.7002,10206.4004,0
1494401399,10192.9502,10198.5000,10191.5996,10195.9004,0
1494401699,10200.2002,10200.7002,10188.1504,10192.4004,0
1494401999,10201.6504,10202.9004,10194.9004,10199.9004,0
1494402299,10196.7500,10204.5498,10194.6504,10201.5498,0
1494402599,10201.7002,10203.7500,10196.2500,10196.9502,0
1494402899,10196.0996,10203.4502,10194.2998,10201.9502,0
1494403198,10187.5996,10196.3496,10185.5996,10195.9502,0
1494403499,10187.7002,10190.5000,10184.7500,10187.7500,0
1494403799,10185.7998,10188.5498,10183.7998,10187.4502,0
1494404098,10199.7500,10200.7002,10185.4004,10185.5498,0
1494404399,10197.4004,10200.0000,10192.8496,10199.6504,0
1494404698,10194.9004,10198.7998,10192.7998,10197.3496,0
1494404999,10195.1504,10197.9502,10192.4004,10194.7998,0
1494405299,10203.0000,10203.5000,10194.4004,10194.4502,0
1494405599,10202.0000,10203.7500,10198.4502,10202.7500,0
1494405899,10204.6504,10205.9004,10198.8496,10201.7500,0
1494406199,10204.2500,10206.5498,10202.2002,10204.4004,0
1494406499,10201.9004,10205.0996,10198.9502,10204.4004,0
1494406799,10203.0498,10205.9004,10201.0000,10201.4004,0
1494407098,10201.7998,10203.9004,10198.7998,10203.4502,0
1494407399,10205.0996,10206.6504,10197.0498,10201.9502,0
1494407699,10194.7002,10205.5996,10194.0996,10204.0498,0
1494407999,10199.2002,10201.9502,10194.2998,10194.9502,0
1494408299,10209.9004,10210.2500,10197.7998,10198.7998,0
1494408599,10202.9004,10210.2500,10199.8496,10209.6504,0
1494408899,10210.2500,10212.1504,10201.5996,10202.7500,0
1494409198,10215.7998,10222.7998,10209.7500,10210.6504,0
1494409499,10226.3496,10226.5498,10214.2998,10214.2998,0
1494409799,10228.0000,10232.7500,10219.3496,10225.9502,0
1494410099,10222.0996,10229.7998,10220.8496,10228.1504,0
1494410399,10222.4004,10227.2500,10214.5498,10221.3496,0
1494410400,10220.7002,10220.7002,10220.7002,10220.7002,0
1494474599,10267.9502,10294.7002,10251.0498,10293.2998,0
1494474899,10270.5996,10274.8496,10255.9502,10269.0498,0
1494475199,10240.2500,10270.5498,10237.6504,10269.7500,0
1494475499,10230.5498,10240.7998,10222.0996,10240.1504,0
1494475799,10230.5996,10235.5996,10227.7500,10229.1504,0
1494476099,10230.2500,10239.2002,10225.4502,10229.2998,0
1494476399,10229.1504,10232.8496,10221.7998,10230.0996,0
1494476699,10226.9004,10232.5996,10224.3496,10229.2002,0
1494476998,10248.2500,10249.7002,10226.0000,10227.1504,0
1494477298,10250.7002,10259.0996,10247.4004,10249.9004,0
1494477599,10223.0996,10251.0996,10222.7002,10249.9004,0
1494477898,10228.7500,10238.0996,10218.4004,10223.9004,0
1494478197,10225.0000,10229.1504,10222.4004,10229.1504,0
1494478499,10218.9004,10225.5996,10217.9502,10225.5996,0
1494478799,10222.9502,10230.9004,10216.2998,10218.7002,0
1494479098,10228.3496,10231.7500,10221.4004,10222.0996,0
1494479399,10237.3496,10244.3496,10228.4502,10228.7998,0
1494479699,10243.8496,10245.9502,10236.7500,10237.7002,0
1494479998,10235.7998,10247.9004,10235.6504,10244.9502,0
1494480299,10224.5000,10236.6504,10221.7002,10235.9502,0
1494480599,10225.7500,10231.5498,10220.4502,10224.0000,0
1494480899,10226.0000,10228.0996,10224.2998,10224.7002,0
1494481199,10234.0996,10234.0996,10225.2998,10225.7002,0
1494481498,10225.7500,10233.8496,10224.4004,10233.8496,0
1494481799,10227.2500,10229.5498,10223.7500,10226.5000,0
1494482099,10227.4004,10228.0996,10222.6504,10226.6504,0
1494482399,10223.0498,10228.2998,10219.0996,10227.7998,0
1494482699,10218.7998,10224.0000,10217.5498,10223.5498,0
1494482999,10222.5996,10227.2500,10216.5000,10219.0498,0
1494483299,10225.6504,10227.8496,10220.3496,10222.4502,0
1494483599,10226.7500,10229.9502,10224.5000,10225.9502,0
1494483896,10231.9004,10232.3496,10226.0000,10227.7500,0
1494484199,10228.1504,10233.6504,10226.7998,10232.4004,0
1494484497,10227.8496,10231.4502,10226.1504,10228.0000,0
1494484799,10227.5996,10233.5498,10226.4502,10227.7500,0
1494485099,10223.5996,10230.2002,10218.2998,10227.5498,0
1494485399,10227.2998,10228.7002,10221.9502,10223.7998,0
1494485699,10226.9004,10228.3496,10225.5498,10227.6504,0
1494485997,10227.9004,10229.4502,10224.2500,10226.7002,0
1494486299,10233.9004,10236.8496,10226.9004,10227.8496,0
1494486599,10232.7002,10235.0000,10229.1504,10233.7998,0
1494486899,10224.4502,10232.9502,10223.9502,10232.7998,0
1494487198,10229.2500,10231.9502,10223.0000,10224.8496,0
1494487499,10232.2500,10233.5000,10229.3496,10229.5996,0
1494487798,10234.5000,10237.5996,10231.2998,10232.0000,0
1494488099,10235.5996,10237.2002,10229.5000,10233.6504,0
1494488399,10234.5000,10238.2500,10232.2998,10236.0996,0
1494488699,10235.4004,10245.2998,10233.2500,10234.5498,0
1494488999,10230.4502,10239.0498,10230.0996,10236.6504,0
1494489299,10229.4004,10233.5498,10226.3496,10230.4004,0
1494489599,10230.8496,10232.7500,10227.0996,10229.2500,0
1494489899,10230.5996,10233.9004,10228.1504,10231.2002,0
1494490199,10240.7002,10244.5000,10227.8496,10229.7500,0
1494490499,10238.4502,10244.2002,10235.0498,10240.4502,0
1494490799,10240.4004,10242.0498,10237.4004,10238.5996,0
1494491099,10248.4502,10250.1504,10239.0000,10240.2500,0
1494491399,10248.7998,10250.2998,10245.6504,10248.7998,0
1494491699,10243.7002,10250.9004,10242.3496,10248.8496,0
1494491999,10248.6504,10254.2500,10243.7500,10243.8496,0
1494492298,10246.9502,10250.7500,10241.7002,10248.8496,0
1494492599,10246.4004,10250.5498,10244.2998,10247.0996,0
1494492899,10253.5000,10253.7500,10244.7998,10246.4502,0
1494493199,10248.5498,10254.4502,10245.1504,10253.9004,0
1494493498,10240.9004,10249.9004,10238.4502,10248.4502,0
1494493799,10245.4004,10245.4004,10236.2002,10241.1504,0
1494494099,10246.0996,10248.0996,10243.7002,10245.1504,0
1494494399,10244.1504,10247.5000,10241.4004,10246.2500,0
1494494699,10243.5498,10246.1504,10241.3496,10244.0996,0
1494494999,10240.5000,10246.5498,10238.5996,10243.9004,0
1494495299,10247.3496,10251.7500,10241.0498,10241.9502,0
1494495599,10247.2998,10247.5996,10242.2998,10247.4502,0
1494495899,10249.7002,10251.7500,10242.1504,10247.4004,0
1494496199,10260.6504,10261.7500,10249.5000,10249.5498,0
1494496499,10270.3496,10271.2002,10258.5996,10260.0000,0
1494496798,10266.5498,10282.7002,10265.7500,10270.0000,0
1494496800,10266.0996,10266.0996,10266.0996,10266.0996,0
1494560999,10326.7500,10337.0498,10264.7002,10275.5996,0
1494561299,10336.5996,10337.9004,10323.5000,10326.7998,0
1494561599,10327.0498,10338.2500,10317.0996,10336.3496,0
1494561898,10320.9004,10332.5996,10315.4502,10327.1504,0
1494562199,10336.0996,10354.9502,10314.9502,10321.4502,0
1494562499,10336.0000,10347.9004,10332.0000,10338.9502,0
1494562799,10327.2002,10337.5996,10321.4004,10335.8496,0
1494563099,10317.9004,10327.2500,10317.7500,10327.0996,0
1494563399,10322.2500,10325.0498,10315.0000,10317.7998,0
1494563699,10320.3496,10326.5000,10318.7998,10322.7002,0
1494563999,10319.5498,10324.1504,10318.8496,10321.7998,0
1494564299,10326.5498,10327.6504,10319.2002,10319.3496,0
1494564599,10321.1504,10327.1504,10316.8496,10326.5000,0
1494564899,10321.9502,10323.4004,10313.6504,10319.5996,0
1494565199,10323.2500,10326.0000,10315.7998,10322.6504,0
1494565499,10319.3496,10322.9004,10318.5498,10322.9004,0
1494565799,10324.4502,10325.2002,10315.2002,10320.0000,0
1494566099,10323.1504,10328.5498,10322.9004,10324.5996,0
1494566394,10330.2998,10332.3496,10321.0498,10323.0996,0
1494566699,10326.5996,10331.7998,10325.4502,10330.3496,0
1494566999,10330.6504,10330.7002,10326.4004,10326.4004,0
1494567299,10328.0996,10331.0000,10326.1504,10330.2002,0
1494567599,10325.5996,10329.3496,10321.6504,10328.4004,0
1494567899,10320.5996,10326.0498,10319.2998,10325.6504,0
1494568199,10322.6504,10325.0498,10320.5000,10320.7500,0
1494568499,10317.2998,10323.7998,10316.3496,10322.1504,0
1494568799,10315.7998,10320.4502,10315.7002,10317.9004,0
1494569099,10315.2998,10317.0996,10312.6504,10315.9004,0
1494569399,10312.9502,10315.5000,10310.7002,10315.0498,0
1494569699,10315.9004,10319.2500,10311.8496,10311.8496,0
1494569999,10317.0498,10319.4502,10311.7002,10315.6504,0
1494570299,10312.9502,10318.0000,10311.2998,10317.6504,0
1494570599,10314.2500,10315.6504,10310.2002,10312.7998,0
1494570899,10317.8496,10318.1504,10311.5498,10314.1504,0
1494571199,10320.8496,10322.2002,10316.7002,10317.9004,0
1494571499,10330.5498,10332.1504,10320.5996,10320.7002,0
1494571799,10329.2998,10333.0498,10325.4004,10331.4502,0
1494572099,10334.4004,10336.6504,10325.0996,10329.2500,0
1494572399,10329.2002,10340.0000,10326.0996,10334.7500,0
1494572699,10326.0000,10329.2998,10322.7500,10327.7500,0
1494572998,10322.2998,10331.7002,10322.2998,10326.1504,0
1494573299,10323.9004,10328.7998,10322.4502,10322.6504,0
1494573599,10327.4502,10327.7500,10322.9004,10324.2500,0
1494573899,10333.0498,10333.2998,10325.6504,10327.4502,0
1494574199,10327.7002,10335.2500,10325.4004,10333.9502,0
1494574499,10335.6504,10336.5996,10327.3496,10328.3496,0
1494574799,10336.2002,10341.6504,10331.8496,10335.5498,0
1494575099,10340.7998,10342.7500,10334.0498,10336.5996,0
1494575399,10342.0498,10343.5498,10338.9502,10340.3496,0
1494575699,10350.1504,10351.0000,10341.2500,10341.9502,0
1494575999,10354.2998,10355.4502,10346.0498,10349.6504,0
1494576299,10348.8496,10356.2500,10346.7500,10354.8496,0
1494576598,10356.7500,10358.2002,10346.0000,10348.7002,0
1494576899,10359.2500,10362.0498,10356.5498,10357.4004,0
1494577199,10355.3496,10362.0000,10353.5996,10359.7002,0
1494577499,10351.7002,10357.2500,10350.6504,10356.0498,0
1494577799,10348.7500,10354.7500,10348.0000,10352.5000,0
1494578099,10349.7002,10350.3496,10346.2998,10349.2998,0
1494578399,10347.1504,10352.7998,10346.5000,10349.5996,0
1494578699,10348.1504,10350.2002,10346.5498,10348.5498,0
1494578999,10347.6504,10349.4502,10345.0498,10348.2002,0
1494579299,10350.4502,10355.0498,10346.5996,10348.0996,0
1494579599,10352.5996,10354.9004,10347.5498,10349.7998,0
1494579899,10351.3496,10356.2998,10350.7998,10352.7002,0
1494580199,10354.5996,10355.8496,10348.1504,10351.5000,0
1494580499,10356.9004,10359.6504,10352.9502,10354.2500,0
1494580799,10350.7002,10359.4502,10348.2500,10356.7500,0
1494581099,10342.9004,10352.2500,10342.7998,10351.4502,0
1494581399,10350.7998,10351.7998,10341.9502,10344.0498,0
1494581699,10365.6504,10368.3496,10350.6504,10350.6504,0
1494581999,10368.1504,10371.5498,10365.7002,10366.5000,0
1494582299,10370.4502,10372.2998,10366.9004,10368.4004,0
1494582599,10368.0498,10375.6504,10365.4004,10370.1504,0
1494582899,10368.2002,10368.8496,10360.7998,10367.7998,0
1494583199,10377.0498,10378.2002,10366.0498,10367.9004,0
1494583200,10377.6504,10377.6504,10377.6504,10377.6504,0
1494820199,10353.5996,10399.7002,10348.2998,10399.7002,0
1494820499,10349.2500,10360.7002,10347.1504,10351.7998,0
1494820799,10338.3496,10350.2998,10336.3496,10349.9502,0
1494821099,10311.9502,10338.9004,10304.7500,10338.1504,0
1494821399,10337.6504,10337.7998,10310.3496,10311.8496,0
1494821698,10318.8496,10341.0000,10317.6504,10336.0498,0
1494821999,10313.5996,10324.0996,10312.0996,10318.5996,0
1494822297,10315.4502,10318.0498,10313.0000,10313.0498,0
1494822599,10321.8496,10324.2500,10310.7002,10314.8496,0
1494822899,10326.3496,10328.2998,10321.6504,10321.9502,0
1494823199,10325.0996,10327.9502,10320.5996,10326.7500,0
1494823499,10328.9004,10330.4502,10323.7002,10326.1504,0
1494823799,10330.7500,10335.7500,10329.2002,10329.2002,0
1494824099,10329.0000,10334.5000,10327.5498,10330.9502,0
1494824398,10319.7500,10329.8496,10316.3496,10329.6504,0
1494824699,10314.6504,10322.7998,10313.4004,10319.4004,0
1494824999,10309.0000,10316.1504,10303.5498,10314.7500,0
1494825299,10306.3496,10313.7002,10305.2500,10309.0498,0
1494825597,10302.2500,10306.1504,10300.2500,10306.0000,0
1494825899,10304.2500,10306.7500,10300.9004,10302.9004,0
1494826198,10306.4004,10306.4004,10301.5498,10304.4502,0
1494826498,10306.7500,10308.5000,10304.1504,10305.7002,0
1494826799,10299.7998,10307.2500,10293.4004,10306.9004,0
1494827099,10301.6504,10303.0498,10298.7002,10299.7002,0
1494827399,10313.2998,10315.5498,10298.9004,10301.9502,0
1494827699,10307.5996,10314.2500,10306.5996,10313.2002,0
1494827999,10312.2002,10314.2998,10304.6504,10307.5000,0
1494828299,10307.9004,10313.4502,10305.9502,10311.5996,0
1494828599,10306.7500,10310.7998,10305.3496,10308.7500,0
1494828898,10310.2500,10313.2998,10307.1504,10307.1504,0
1494829199,10308.5996,10314.9004,10308.5996,10309.5996,0
1494829498,10306.5996,10311.2998,10305.4502,10309.4004,0
1494829799,10297.7002,10306.9004,10296.9004,10306.8496,0
1494830098,10304.0996,10305.4004,10297.2002,10298.7002,0
1494830399,10304.0000,10307.0000,10302.2998,10304.3496,0
1494830691,10300.7500,10305.7002,10298.9502,10303.7500,0
1494830999,10299.2998,10301.0000,10296.3496,10300.8496,0
1494831299,10302.4004,10302.4502,10297.4004,10298.9004,0
1494831599,10302.4502,10303.7500,10300.4502,10302.3496,0
1494831897,10303.3496,10306.4004,10301.2500,10302.2998,0
1494832198,10304.4004,10305.6504,10302.0996,10303.9004,0
1494832498,10309.5996,10309.5996,10302.7998,10304.4502,0
1494832798,10306.8496,10309.0498,10305.0000,10308.8496,0
1494833099,10307.2998,10309.5000,10304.4004,10307.0000,0
1494833399,10314.9502,10315.0000,10305.7002,10306.8496,0
1494833698,10314.0000,10318.4502,10309.7998,10315.5000,0
1494833999,10317.5498,10318.4004,10306.9502,10313.2002,0
1494834297,10314.3496,10319.7998,10310.5000,10317.2998,0
1494834599,10314.5000,10322.3496,10312.5498,10314.5996,0
1494834899,10321.6504,10325.2998,10313.0000,10314.7500,0
1494835198,10317.2500,10323.5000,10314.5996,10322.4502,0
1494835498,10323.5498,10324.0996,10314.5996,10317.3496,0
1494835798,10323.4502,10327.7500,10318.6504,10324.6504,0
1494836099,10319.8496,10325.1504,10319.5000,10323.2998,0
1494836399,10316.2002,10322.3496,10316.2002,10319.9004,0
1494836699,10324.2500,10325.0498,10314.7998,10317.4004,0
1494836999,10320.9502,10325.9004,10316.5498,10324.3496,0
1494837298,10318.0000,10321.8496,10314.7998,10320.8496,0
1494837599,10315.4004,10319.2002,10311.7998,10318.0498,0
1494837899,10309.2998,10316.4004,10308.7002,10315.2500,0
1494838199,10318.2002,10318.4502,10307.8496,10310.3496,0
1494838499,10322.7998,10325.1504,10313.6504,10317.8496,0
1494838798,10312.8496,10323.2500,10311.6504,10322.9004,0
1494839099,10314.9502,10320.9004,10309.6504,10313.2500,0
1494839399,10316.2500,10318.9004,10314.4502,10314.4502,0
1494839699,10315.2002,10318.2002,10312.2998,10316.1504,0
1494839999,10309.2500,10318.5498,10309.2500,10315.7998,0
1494840299,10325.2002,10325.5000,10308.7998,10309.5498,0
1494840598,10328.8496,10338.2998,10324.7002,10324.9004,0
1494840899,10338.2002,10339.7500,10328.7998,10329.5498,0
1494841199,10340.5000,10341.0996,10332.5996,10338.3496,0
1494841499,10335.2500,10342.0498,10329.0000,10341.0000,0
1494841799,10340.7500,10341.7998,10331.0498,10335.0996,0
1494842099,10344.7998,10347.6504,10337.7500,10341.5000,0
1494842398,10346.5498,10351.2002,10341.5498,10345.2998,0
1494842400,10347.3496,10347.3496,10347.3496,10347.3496,0
