1493351399,22275.6992,22296.8008,22238.1504,22296.8008,0
1493351699,22260.0508,22287.7500,22251.6504,22276.4004,0
1493351999,22233.4004,22264.1504,22229.1992,22260.4004,0
1493352299,22276.5996,22278.4492,22231.1992,22233.9004,0
1493352599,22268.4004,22280.3496,22267.5508,22276.4004,0
1493352899,22269.1504,22274.1992,22257.3008,22268.5508,0
1493353199,22262.9004,22275.3008,22260.0000,22268.6504,0
1493353499,22251.4004,22265.5000,22247.3008,22261.4492,0
1493353799,22240.4492,22259.4004,22236.1504,22250.8008,0
1493354099,22235.0000,22243.4492,22222.6992,22240.7500,0
1493354399,22225.0000,22237.6504,22221.3008,22233.9004,0
1493354699,22206.0508,22231.8008,22206.0508,22225.4492,0
1493354999,22207.2500,22217.4004,22191.5996,22206.0000,0
1493355299,22240.3008,22245.3496,22199.6992,22207.3008,0
1493355599,22261.3496,22263.1992,22236.9492,22239.0996,0
1493355899,22282.4004,22282.9492,22251.3008,22255.7500,0
1493356199,22283.4004,22293.9492,22274.4492,22283.4004,0
1493356499,22267.1992,22297.7500,22264.1992,22283.0000,0
1493356799,22251.2500,22270.0508,22245.8496,22269.1504,0
1493357099,22240.8496,22258.5000,22234.4004,22251.0508,0
1493357399,22240.3008,22248.0996,22233.4492,22238.9004,0
1493357699,22221.1504,22242.0000,22221.1504,22241.0000,0
1493357999,22225.4492,22231.8496,22218.0996,22220.9004,0
1493358299,22236.6504,22238.0996,22218.5996,22225.1992,0
1493358599,22242.3008,22245.1992,22229.0000,22237.3496,0
1493358899,22240.6992,22246.6504,22229.8008,22240.9492,0
1493359199,22228.3008,22246.7500,22227.0508,22240.8008,0
1493359499,22233.6992,22241.5000,22222.9492,22229.3496,0
1493359799,22223.0508,22234.8496,22219.0508,22234.7500,0
1493360098,22211.0508,22226.0508,22209.6504,22222.7500,0
1493360399,22218.9492,22225.6504,22210.8496,22213.9004,0
1493360699,22220.9492,22225.3008,22214.3496,22218.6504,0
1493360999,22214.5508,22227.9492,22212.3496,22220.8496,0
1493361299,22191.3008,22221.5996,22185.2500,22218.1992,0
1493361599,22203.5508,22208.2500,22191.3008,22192.4004,0
1493361899,22206.5996,22209.6504,22195.0000,22203.2500,0
1493362199,22210.6504,22220.6992,22199.9004,22205.9004,0
1493362498,22224.8008,22226.8008,22208.6504,22210.4492,0
1493362799,22214.9004,22229.3008,22214.8496,22224.9492,0
1493363099,22216.0508,22218.5508,22211.0508,22218.5508,0
1493363399,22224.8496,22230.5996,22218.0508,22218.0508,0
1493363699,22219.1504,22226.1992,22211.3008,22224.6504,0
1493363999,22211.7500,22218.3496,22209.0996,22218.3496,0
1493364299,22226.9492,22228.1504,22212.3008,22215.0508,0
1493364599,22223.8496,22233.0996,22221.8496,22226.5996,0
1493364899,22214.9492,22222.5000,22206.0996,22220.8496,0
1493365199,22224.2500,22224.2500,22205.4004,22215.1504,0
1493365499,22245.6504,22248.5508,22222.9004,22224.6992,0
1493365799,22262.9492,22266.6504,22242.2500,22245.3496,0
1493366099,22281.1992,22283.2500,22259.5508,22263.0508,0
1493366399,22277.5508,22293.9492,22273.9004,22282.5508,0
1493366699,22293.8008,22314.3008,22275.8496,22278.0000,0
1493366999,22311.1504,22323.8008,22286.3496,22295.8008,0
1493367299,22294.0508,22323.8008,22294.0508,22308.9004,0
1493367599,22301.0000,22315.5508,22295.7500,22297.8496,0
1493367899,22333.6992,22338.1504,22301.0996,22301.0996,0
1493368199,22336.0508,22340.1992,22321.9492,22331.8496,0
1493368499,22331.6504,22355.8496,22323.1504,22336.6504,0
1493368799,22348.5996,22349.5508,22321.2500,22331.8008,0
1493369099,22315.9004,22348.0000,22313.5000,22348.0000,0
1493369399,22297.1992,22322.4492,22292.2500,22316.6992,0
1493369699,22295.8008,22307.4492,22286.4004,22297.7500,0
1493369999,22307.0508,22317.0000,22288.3008,22296.0000,0
1493370299,22314.4492,22321.7500,22305.4004,22306.8496,0
1493370599,22312.3008,22323.0000,22298.9492,22313.1992,0
1493370899,22308.4492,22313.9492,22298.0508,22312.1992,0
1493371199,22324.5000,22336.0996,22308.8496,22311.1992,0
1493371499,22357.3496,22360.3496,22320.1992,22325.5508,0
1493371799,22362.1992,22379.0508,22350.8496,22355.1504,0
1493372099,22328.3496,22363.6504,22318.0996,22363.6504,0
1493372399,22340.5508,22345.2500,22327.1504,22327.9004,0
1493372699,22351.6992,22355.4492,22333.0508,22340.5000,0
1493372999,22361.5508,22375.0000,22352.6504,22354.8008,0
1493373299,22374.6992,22379.6992,22356.6992,22360.8496,0
1493373599,22349.1504,22382.0508,22349.1504,22374.5000,0
1493373600,22349.8008,22349.8008,22349.8008,22349.8008,0
1493696999,22393.3008,22437.5000,22381.0996,22412.5508,0
1493697299,22434.9004,22434.9004,22390.9004,22390.9004,0
1493697599,22448.5508,22465.7500,22429.6992,22432.5000,0
1493697899,22474.5996,22480.3008,22448.9004,22448.9004,0
1493698199,22459.3496,22480.7500,22459.1504,22476.0508,0
1493698499,22465.5508,22478.9004,22450.6504,22464.6504,0
1493698799,22489.4492,22489.4492,22458.5508,22466.5000,0
1493699099,22488.5508,22491.1992,22471.4492,22489.0996,0
1493699399,22468.8496,22491.8496,22463.1504,22485.1504,0
1493699699,22462.1992,22471.5996,22455.6992,22470.4004,0
1493699999,22442.9492,22462.0996,22442.1992,22460.3496,0
1493700299,22440.7500,22451.1504,22424.0508,22442.4492,0
1493700599,22443.5508,22454.0000,22431.1992,22440.5000,0
1493700899,22430.1992,22444.2500,22418.6992,22444.2500,0
1493701199,22433.7500,22438.6992,22415.2500,22428.6504,0
1493701499,22414.1504,22434.9492,22409.4004,22432.7500,0
1493701799,22408.1992,22420.1504,22405.1504,22412.9004,0
1493702099,22349.6992,22407.8496,22339.4492,22407.8496,0
1493702399,22287.5996,22356.0508,22267.3008,22351.1504,0
1493702699,22320.5508,22321.2500,22275.0000,22289.4004,0
1493702999,22301.8496,22338.5996,22299.8496,22318.3496,0
1493703299,22320.4492,22327.6504,22300.2500,22302.4004,0
1493703599,22318.5996,22331.5508,22312.0508,22320.0996,0
1493703899,22298.0000,22320.6504,22291.3008,22319.0508,0
1493704199,22299.0996,22302.7500,22270.3496,22298.9492,0
1493704499,22306.5996,22311.4004,22290.9004,22300.0996,0
1493704799,22285.6992,22311.1992,22278.5000,22305.1992,0
1493705099,22287.8496,22300.1992,22278.6504,22285.3008,0
1493705399,22312.9004,22318.5508,22281.7500,22287.0000,0
1493705699,22321.1504,22324.5000,22306.6504,22313.1504,0
1493705999,22315.1992,22334.0508,22307.0508,22321.8008,0
1493706299,22327.0000,22332.7500,22312.0508,22315.3496,0
1493706599,22313.3008,22326.1504,22307.1504,22326.1504,0
1493706899,22302.6992,22312.6504,22300.7500,22312.6504,0
1493707199,22309.7500,22311.0996,22300.5996,22303.4492,0
1493707499,22316.0000,22326.2500,22306.8008,22310.8008,0
1493707799,22344.7500,22351.2500,22313.7500,22315.8496,0
1493708099,22344.8008,22349.8496,22331.0508,22345.2500,0
1493708399,22357.1992,22359.8496,22343.0996,22345.9492,0
1493708698,22346.1504,22360.2500,22337.9492,22358.3008,0
1493708999,22353.6992,22365.8496,22344.8496,22347.5000,0
1493709299,22346.0000,22356.0508,22338.8008,22354.5508,0
1493709599,22364.3496,22367.8496,22340.6992,22347.8008,0
1493709899,22354.4492,22372.0996,22354.4492,22365.4492,0
1493710199,22355.9004,22364.0996,22346.9492,22354.0000,0
1493710499,22358.2500,22362.2500,22347.2500,22356.2500,0
1493710799,22345.3496,22361.4004,22341.5996,22358.9492,0
1493711099,22368.4004,22372.0996,22345.0000,22352.2500,0
1493711399,22377.1504,22386.0508,22367.9492,22370.8496,0
1493711699,22371.6992,22384.0996,22366.4492,22376.6504,0
1493711999,22370.6504,22379.8008,22358.6504,22366.6992,0
1493712299,22351.6992,22372.8496,22348.4492,22371.1504,0
1493712599,22368.4004,22372.2500,22347.5000,22351.1992,0
1493712899,22362.9492,22373.0996,22355.6504,22370.2500,0
1493713199,22361.4492,22371.6504,22357.2500,22363.4004,0
1493713499,22343.8008,22366.0508,22333.8496,22362.5000,0
1493713799,22344.7500,22353.2500,22321.0000,22343.6504,0
1493714099,22344.3008,22350.8008,22332.4492,22345.1504,0
1493714399,22314.9492,22347.5508,22309.4492,22344.4004,0
1493714699,22328.5000,22341.7500,22313.5000,22314.0508,0
1493714999,22337.8008,22343.9492,22329.5508,22331.1504,0
1493715299,22321.9492,22339.5000,22319.7500,22338.4004,0
1493715599,22322.0000,22325.1992,22296.4004,22320.4004,0
1493715899,22354.4492,22362.0996,22318.2500,22321.6992,0
1493716199,22346.6504,22366.9004,22341.6504,22355.0996,0
1493716499,22334.7500,22351.6504,22326.7500,22345.3496,0
1493716799,22353.5000,22355.1992,22326.2500,22336.1504,0
1493717099,22338.9492,22357.0000,22338.1504,22351.5000,0
1493717399,22361.3008,22366.1992,22331.8496,22339.8008,0
1493717699,22355.2500,22368.8008,22350.7500,22359.7500,0
1493717999,22341.1504,22357.6504,22341.0996,22354.7500,0
1493718299,22351.1504,22354.3496,22339.5000,22341.0000,0
1493718599,22349.4492,22358.0000,22329.8496,22351.1992,0
1493718899,22332.8496,22355.1504,22327.3008,22348.6504,0
1493719199,22359.3008,22361.6504,22328.9004,22331.2500,0
1493719200,22361.1504,22361.1504,22361.1504,22361.1504,0
1493783399,22392.6504,22445.8496,22368.7500,22445.8496,0
1493783699,22364.3496,22397.2500,22339.0996,22387.2500,0
1493783999,22368.4492,22373.0508,22344.6504,22364.6504,0
1493784299,22350.9492,22372.6992,22344.7500,22369.5000,0
1493784599,22353.2500,22353.9004,22333.8496,22351.0000,0
1493784899,22333.9492,22357.6992,22325.0508,22354.1992,0
1493785199,22295.9004,22336.0000,22288.8008,22333.6504,0
1493785499,22312.0508,22313.1504,22287.6504,22296.5996,0
1493785799,22323.4004,22325.3496,22303.5000,22310.7500,0
1493786099,22318.2500,22329.6992,22311.0996,22322.8008,0
1493786399,22303.8008,22318.8008,22294.9492,22315.9004,0
1493786698,22310.9004,22319.1992,22303.2500,22304.8008,0
1493786999,22309.8496,22315.5000,22304.5508,22310.5508,0
1493787299,22314.4492,22324.2500,22309.5508,22310.0996,0
1493787599,22297.0000,22319.8496,22289.6504,22315.1504,0
1493787899,22304.7500,22310.8496,22291.5996,22295.6504,0
1493788199,22296.8008,22310.4492,22296.8008,22302.5508,0
1493788499,22303.0508,22305.0000,22292.3496,22297.6992,0
1493788799,22305.3496,22305.3496,22285.6992,22302.7500,0
1493789099,22297.8496,22306.6504,22288.4004,22305.8008,0
1493789399,22284.8008,22299.4492,22284.7500,22297.8008,0
1493789699,22292.1504,22297.9004,22273.8008,22284.3008,0
1493789999,22288.2500,22296.5996,22284.1992,22296.5996,0
1493790299,22276.8496,22290.8008,22273.0996,22287.0996,0
1493790598,22272.0000,22281.9492,22267.0508,22276.7500,0
1493790899,22277.4492,22287.1504,22267.0000,22271.7500,0
1493791199,22292.0508,22293.5508,22276.0508,22277.9004,0
1493791499,22277.6504,22293.0508,22277.0000,22292.4492,0
1493791799,22274.8008,22280.9004,22267.1992,22279.0996,0
1493792098,22279.3008,22282.2500,22269.3496,22271.8496,0
1493792399,22291.9004,22295.7500,22275.9004,22279.1992,0
1493792699,22313.4004,22322.1992,22286.5000,22292.3496,0
1493792999,22286.8008,22312.8008,22281.9004,22312.0996,0
1493793299,22291.3008,22303.0508,22287.1992,22287.8496,0
1493793599,22282.9004,22297.1992,22272.5508,22290.3008,0
1493793899,22266.1504,22282.4492,22266.1504,22281.2500,0
1493794199,22289.1992,22289.7500,22265.4004,22267.5508,0
1493794499,22279.2500,22290.4492,22278.9492,22287.7500,0
1493794799,22282.0000,22289.5996,22274.0508,22279.3496,0
1493795099,22262.5000,22285.8496,22256.0508,22285.8008,0
1493795399,22264.4492,22267.0996,22244.9004,22262.7500,0
1493795699,22271.9492,22273.9492,22261.6504,22264.1504,0
1493795999,22268.8496,22273.3496,22262.0996,22267.5996,0
1493796299,22260.9492,22273.5000,22258.3008,22270.4492,0
1493796599,22254.3008,22271.0000,22251.2500,22260.3008,0
1493796899,22250.8008,22257.5000,22240.5996,22253.8008,0
1493797199,22259.3496,22264.4492,22249.5000,22252.1504,0
1493797499,22281.6504,22282.1504,22244.1992,22258.8008,0
1493797799,22286.6992,22299.8496,22279.8008,22281.1992,0
1493798099,22283.6504,22286.7500,22275.8496,22283.0000,0
1493798399,22306.3496,22307.8008,22280.9004,22286.4004,0
1493798699,22328.9004,22334.5508,22303.1504,22305.3008,0
1493798999,22306.7500,22330.0508,22297.8008,22328.9492,0
1493799299,22336.1504,22344.8496,22305.1504,22306.5508,0
1493799599,22354.1504,22355.9004,22328.6504,22335.6992,0
1493799899,22344.4004,22357.6992,22341.1504,22354.9492,0
1493800198,22367.6992,22368.5000,22335.7500,22345.4492,0
1493800499,22348.6504,22370.8496,22338.9492,22368.0000,0
1493800799,22333.9492,22348.4492,22324.0000,22347.4004,0
1493801099,22347.5000,22351.9004,22326.3496,22331.0508,0
1493801399,22288.0000,22351.3008,22282.6504,22348.1992,0
1493801699,22303.0996,22311.8008,22268.2500,22287.5000,0
1493801999,22309.5996,22315.8496,22293.6992,22303.8008,0
1493802299,22292.9492,22308.8008,22287.6504,22307.8496,0
1493802599,22320.5996,22327.9492,22291.8008,22294.4492,0
1493802899,22322.0996,22332.9004,22315.6504,22322.5508,0
1493803199,22313.5996,22329.3496,22313.0508,22320.5000,0
1493803499,22319.3496,22322.2500,22305.0996,22313.9004,0
1493803799,22316.3008,22325.4004,22313.8496,22319.2500,0
1493804099,22328.0508,22336.9004,22312.5996,22313.0508,0
1493804399,22317.4004,22333.5996,22315.3008,22332.6992,0
1493804699,22307.4492,22320.3008,22303.8008,22320.0508,0
1493804999,22303.3496,22312.0508,22293.0000,22307.2500,0
1493805299,22295.8496,22307.0996,22293.6992,22302.9492,0
1493805599,22285.4492,22297.9004,22272.3496,22295.1504,0
1493805600,22282.1992,22282.1992,22282.1992,22282.1992,0
1493869799,22494.5508,22618.3008,22453.4004,22618.3008,0
1493870099,22505.5508,22519.4492,22471.0000,22491.9004,0
1493870399,22531.4492,22537.7500,22505.2500,22507.8496,0
1493870699,22545.5508,22559.3496,22531.8496,22531.8496,0
1493870999,22563.6504,22571.2500,22538.6504,22546.1992,0
1493871299,22586.8496,22601.5000,22565.0000,22567.0000,0
1493871599,22568.8496,22599.5000,22563.4004,22586.9492,0
1493871899,22557.6504,22574.0508,22543.0508,22568.0000,0
1493872199,22558.0996,22571.0508,22548.0508,22558.0000,0
1493872499,22563.6992,22570.5000,22555.3008,22558.5996,0
1493872799,22564.9492,22583.5000,22559.7500,22562.5996,0
1493873099,22577.5000,22582.1992,22563.6504,22563.7500,0
1493873399,22563.7500,22579.2500,22557.3496,22574.0508,0
1493873699,22561.5508,22573.0508,22556.9004,22563.8496,0
1493873999,22571.5508,22578.1992,22549.1504,22560.5508,0
1493874299,22567.8008,22582.4492,22562.5000,22570.8008,0
1493874599,22559.1992,22570.5000,22549.6504,22568.1504,0
1493874899,22569.2500,22571.9492,22551.8008,22557.1992,0
1493875199,22576.5000,22577.6992,22563.9004,22571.1504,0
1493875499,22573.1504,22577.8008,22565.0508,22576.2500,0
1493875799,22553.8008,22575.6992,22550.7500,22573.4492,0
1493876099,22577.6504,22578.7500,22548.4004,22553.3008,0
1493876399,22578.4004,22589.0000,22571.3496,22577.9492,0
1493876699,22585.0000,22587.3008,22572.7500,22577.5996,0
1493876999,22578.2500,22586.4004,22569.3496,22584.7500,0
1493877299,22571.8496,22579.3008,22552.8496,22579.3008,0
1493877599,22599.6992,22599.6992,22572.0508,22572.0508,0
1493877899,22603.8008,22614.2500,22594.4004,22600.9004,0
1493878199,22614.5000,22621.0996,22601.0000,22602.0508,0
1493878499,22623.0000,22630.6992,22611.1992,22613.8008,0
1493878799,22620.6504,22629.8008,22615.0508,22622.3008,0
1493879099,22621.3496,22634.8008,22617.9492,22619.5996,0
1493879398,22602.7500,22623.4004,22595.5996,22615.6992,0
1493879699,22607.4004,22623.2500,22602.4492,22605.5508,0
1493879999,22601.6504,22613.0000,22596.0996,22607.7500,0
1493880299,22604.1992,22613.8496,22598.4004,22602.6992,0
1493880599,22584.7500,22606.2500,22581.3008,22605.8496,0
1493880899,22593.9004,22600.6992,22573.5000,22583.1992,0
1493881199,22596.0000,22607.6992,22591.7500,22594.1992,0
1493881499,22602.1504,22615.0000,22593.4004,22597.5000,0
1493881799,22609.4004,22615.1504,22602.7500,22604.4004,0
1493882099,22611.5000,22613.6992,22603.5996,22611.0508,0
1493882399,22616.8496,22623.3496,22608.5000,22612.0508,0
1493882699,22622.0508,22630.5000,22613.8008,22621.0508,0
1493882999,22633.1992,22637.0996,22614.4492,22621.4492,0
1493883299,22645.5508,22647.6992,22631.1504,22637.9004,0
1493883599,22630.2500,22648.0996,22629.4004,22645.8008,0
1493883899,22617.5996,22632.7500,22617.4492,22629.8008,0
1493884199,22635.0508,22641.5508,22617.8008,22621.3008,0
1493884499,22640.5000,22642.8496,22623.4492,22632.5000,0
1493884799,22639.9004,22646.1504,22628.5000,22641.4492,0
1493885099,22652.8496,22653.1504,22630.3496,22641.3496,0
1493885399,22647.4004,22664.8496,22642.3496,22650.5000,0
1493885699,22651.3008,22652.0996,22637.8008,22647.3496,0
1493885999,22658.6992,22667.8496,22651.4492,22651.6992,0
1493886299,22651.2500,22668.9492,22645.5000,22659.5996,0
1493886599,22676.5996,22683.5508,22642.9492,22649.6504,0
1493886899,22668.0508,22688.5508,22660.5508,22678.5000,0
1493887199,22682.7500,22684.6992,22658.0508,22669.9004,0
1493887498,22686.9004,22695.6992,22676.1504,22683.0996,0
1493887799,22685.4492,22693.6992,22675.8496,22688.1992,0
1493888099,22701.5000,22719.9004,22686.0000,22687.1504,0
1493888399,22730.8008,22731.4004,22700.4492,22700.6992,0
1493888699,22701.0000,22737.9492,22688.9004,22730.5000,0
1493888999,22730.9004,22732.8008,22700.1504,22701.0996,0
1493889299,22712.5000,22735.0508,22709.5000,22732.1504,0
1493889598,22717.0000,22723.5508,22698.4492,22713.9492,0
1493889899,22727.0000,22728.1504,22706.6992,22716.2500,0
1493890199,22701.8008,22733.2500,22696.6992,22725.5508,0
1493890499,22713.9492,22721.5508,22700.8496,22702.7500,0
1493890799,22708.5000,22715.5000,22696.5000,22713.0508,0
1493891099,22714.4004,22716.6504,22703.3496,22708.3008,0
1493891399,22730.4004,22735.9004,22710.1504,22714.2500,0
1493891699,22726.5508,22734.5000,22723.0996,22732.4004,0
1493891999,22729.7500,22740.8496,22722.1992,22726.0996,0
1493892000,22729.3008,22729.3008,22729.3008,22729.3008,0
1493956199,22696.5996,22844.8496,22696.5996,22844.8496,0
1493956499,22692.8008,22705.8496,22653.8008,22696.3496,0
1493956799,22733.1992,22749.9492,22694.5000,22694.5000,0
1493957099,22720.8008,22739.1992,22699.3008,22733.0000,0
1493957399,22742.7500,22749.7500,22703.8496,22718.3496,0
1493957699,22735.6504,22752.2500,22728.5996,22742.0996,0
1493957999,22748.5996,22763.1504,22733.0508,22734.3008,0
1493958299,22732.0508,22749.0508,22725.7500,22749.0508,0
1493958599,22726.0996,22735.5000,22717.5000,22731.5508,0
1493958899,22735.0508,22736.5000,22707.3008,22724.4004,0
1493959199,22755.9492,22758.5996,22732.3008,22735.3496,0
1493959499,22762.0996,22773.4492,22753.7500,22755.9004,0
1493959799,22747.0000,22764.0508,22739.7500,22759.9492,0
1493960099,22759.0508,22764.5996,22744.3008,22746.8008,0
1493960399,22769.4492,22786.1504,22758.9492,22759.0000,0
1493960699,22777.3008,22781.2500,22757.3008,22768.8008,0
1493960999,22769.1992,22782.5000,22765.4004,22776.9004,0
1493961299,22765.9004,22774.3496,22762.0508,22768.2500,0
1493961599,22760.2500,22779.1992,22759.8008,22764.4004,0
1493961899,22753.4492,22764.4004,22749.1992,22762.0996,0
1493962199,22744.0000,22761.2500,22740.1992,22753.2500,0
1493962499,22758.3496,22762.5000,22743.6504,22743.6504,0
1493962799,22752.6504,22765.9492,22749.1504,22756.8008,0
1493963099,22771.9492,22773.9492,22752.4492,22753.0508,0
1493963399,22772.9004,22781.4004,22764.4492,22770.2500,0
1493963699,22768.9492,22786.1992,22767.0000,22772.5508,0
1493963999,22770.8008,22778.3496,22754.6992,22768.0508,0
1493964299,22787.0996,22790.0996,22760.5000,22770.6504,0
1493964599,22783.9492,22794.0508,22780.0000,22783.6992,0
1493964898,22758.6992,22786.8008,22740.8008,22782.3008,0
1493965199,22759.1992,22771.2500,22754.0000,22757.9004,0
1493965499,22706.3496,22756.8496,22704.0508,22756.8496,0
1493965799,22693.9492,22718.0000,22685.9004,22705.9004,0
1493966099,22699.9004,22699.9004,22664.6504,22691.6992,0
1493966399,22704.9004,22714.0996,22692.6992,22697.5000,0
1493966699,22702.3496,22709.0000,22684.3496,22704.6504,0
1493966999,22717.6504,22717.6504,22693.9004,22701.5508,0
1493967299,22696.2500,22716.9004,22680.0000,22716.9004,0
1493967599,22667.3008,22697.0508,22667.3008,22696.9004,0
1493967899,22683.8496,22704.2500,22669.1992,22669.1992,0
1493968199,22713.8008,22719.0000,22682.3008,22684.5996,0
1493968499,22727.6992,22738.9492,22710.8008,22715.0508,0
1493968799,22706.5508,22728.6504,22698.9004,22728.6504,0
1493969099,22721.7500,22723.1992,22705.4492,22706.5996,0
1493969399,22677.9492,22720.0996,22675.1992,22720.0996,0
1493969699,22702.8008,22705.1504,22679.7500,22682.1504,0
1493969999,22664.5000,22700.6992,22658.7500,22700.6992,0
1493970299,22592.0996,22665.9004,22592.0996,22665.9004,0
1493970599,22617.1992,22620.3008,22542.1992,22592.5508,0
1493970899,22590.8008,22623.8496,22572.3496,22616.7500,0
1493971199,22579.7500,22605.1504,22553.8496,22590.6992,0
1493971499,22533.9492,22580.9004,22530.0000,22578.0508,0
1493971799,22568.0996,22569.1504,22515.3496,22529.9004,0
1493972099,22577.6504,22602.2500,22558.2500,22570.5000,0
1493972399,22610.5508,22618.0000,22567.8496,22579.9492,0
1493972699,22582.5000,22610.1992,22569.8008,22610.1992,0
1493972999,22609.9492,22615.5508,22581.6992,22583.3008,0
1493973299,22649.4492,22659.1992,22594.5996,22609.9004,0
1493973599,22673.0000,22678.3496,22632.5508,22648.3008,0
1493973899,22654.1992,22688.5508,22635.6992,22674.0000,0
1493974199,22664.6504,22672.9004,22640.5000,22653.8008,0
1493974499,22601.9492,22666.9492,22601.9492,22663.6992,0
1493974799,22623.2500,22630.0000,22582.0000,22601.1504,0
1493975099,22643.7500,22650.4492,22623.0000,22625.5508,0
1493975399,22649.4004,22664.6504,22629.0000,22642.1504,0
1493975699,22643.0508,22659.8496,22627.5508,22650.0996,0
1493975999,22633.7500,22645.8496,22624.3496,22641.7500,0
1493976299,22637.0996,22643.2500,22626.2500,22633.5508,0
1493976599,22647.5996,22647.5996,22633.0000,22637.3496,0
1493976899,22638.0996,22659.9004,22635.6992,22646.2500,0
1493977199,22601.4492,22638.9004,22598.7500,22636.6504,0
1493977499,22594.0000,22606.5508,22579.2500,22600.8496,0
1493977799,22598.8496,22605.1992,22586.1504,22594.5508,0
1493978099,22594.6992,22604.6992,22592.1992,22598.9004,0
1493978399,22580.2500,22604.8008,22577.1992,22595.0000,0
1493978400,22587.5000,22587.5000,22587.5000,22587.5000,0
1494215399,22677.1504,22708.6992,22642.8008,22678.4492,0
1494215699,22665.8008,22682.6504,22633.3008,22679.4492,0
1494215999,22664.5508,22687.3008,22649.0000,22671.6992,0
1494216299,22640.6992,22669.0996,22632.9492,22663.2500,0
1494216599,22666.3496,22666.3496,22638.3496,22640.6504,0
1494216899,22688.2500,22688.9492,22655.8496,22664.2500,0
1494217199,22733.9492,22742.0996,22685.4004,22685.8008,0
1494217499,22761.7500,22765.4004,22727.4492,22731.3008,0
1494217799,22748.4492,22767.0996,22742.3008,22763.0000,0
1494218099,22757.4492,22774.7500,22745.1504,22747.9004,0
1494218399,22773.1504,22779.5996,22742.8008,22757.8008,0
1494218699,22771.0000,22779.8496,22760.3008,22773.5508,0
1494218999,22760.6504,22775.9004,22758.0996,22770.3496,0
1494219299,22740.0996,22767.7500,22736.9004,22760.5996,0
1494219599,22769.1504,22770.5508,22737.4004,22737.4004,0
1494219899,22770.0996,22773.5996,22759.9004,22763.5996,0
1494220199,22782.1504,22784.1992,22762.8008,22768.8008,0
1494220499,22781.4492,22791.3008,22777.0000,22780.1504,0
1494220799,22799.0000,22799.0000,22777.6504,22779.3496,0
1494221099,22789.4492,22808.0996,22784.9492,22794.5000,0
1494221399,22788.1992,22797.5996,22783.1504,22789.1992,0
1494221699,22804.8008,22819.3496,22787.8008,22789.4004,0
1494221999,22819.5996,22825.7500,22802.0000,22803.8008,0
1494222299,22833.6504,22834.6504,22811.1992,22819.8008,0
1494222599,22826.5508,22835.0508,22819.4004,22833.4004,0
1494222899,22821.2500,22830.0000,22814.4004,22826.7500,0
1494223199,22807.8496,22834.0000,22807.5508,22822.2500,0
1494223499,22797.0508,22815.4004,22795.9492,22807.5508,0
1494223799,22811.4004,22811.4004,22783.6504,22797.4004,0
1494224099,22804.2500,22814.5996,22797.6504,22810.6504,0
1494224399,22811.0996,22813.8008,22796.5000,22804.6992,0
1494224699,22800.1504,22813.8496,22793.8008,22809.9004,0
1494224999,22795.1504,22805.9492,22793.6504,22800.8008,0
1494225299,22773.8008,22795.4004,22767.0000,22793.8496,0
1494225599,22779.6504,22791.3008,22769.8008,22774.2500,0
1494225899,22774.3496,22784.1504,22762.4004,22781.1992,0
1494226199,22766.8496,22778.4004,22765.3008,22774.5996,0
1494226499,22791.5508,22792.0000,22760.7500,22769.5508,0
1494226799,22785.4004,22795.0508,22781.7500,22791.8496,0
1494227099,22780.4004,22787.5996,22775.5000,22784.7500,0
1494227399,22762.6504,22781.0000,22752.0000,22779.8008,0
1494227699,22754.9004,22770.5996,22753.4492,22761.3496,0
1494227999,22763.0508,22769.1992,22749.0996,22750.8496,0
1494228299,22773.3008,22781.5996,22761.7500,22763.2500,0
1494228597,22767.5508,22774.1992,22763.5996,22773.5000,0
1494228899,22770.8496,22772.6504,22757.7500,22766.3496,0
1494229199,22773.6504,22779.8496,22769.4492,22770.2500,0
1494229499,22757.1504,22775.5996,22752.5996,22774.5000,0
1494229799,22778.1504,22787.0996,22750.3008,22754.3496,0
1494230099,22767.9492,22780.0000,22767.5996,22779.9492,0
1494230399,22776.3008,22788.8008,22766.9004,22768.3496,0
1494230699,22779.9004,22785.9004,22765.8008,22777.5000,0
1494230999,22786.5000,22794.5508,22774.9004,22780.3008,0
1494231298,22796.2500,22802.7500,22781.5996,22787.1504,0
1494231599,22798.5508,22813.8496,22791.1504,22797.0000,0
1494231899,22798.2500,22814.7500,22797.2500,22797.2500,0
1494232199,22808.8496,22809.0000,22795.4492,22797.1992,0
1494232499,22812.0000,22819.2500,22804.6504,22808.0996,0
1494232799,22815.1504,22824.1504,22808.3496,22811.9004,0
1494233099,22802.0996,22819.5508,22790.4492,22814.3496,0
1494233399,22805.3496,22815.4004,22796.9004,22800.6992,0
1494233699,22795.7500,22812.9492,22792.8008,22805.4492,0
1494233999,22787.1992,22798.3008,22767.6504,22793.8496,0
1494234299,22790.5000,22801.7500,22785.9004,22787.3496,0
1494234599,22794.7500,22807.0996,22784.6992,22788.8496,0
1494234899,22802.5996,22820.5996,22792.4004,22795.9492,0
1494235199,22790.1504,22808.6992,22784.2500,22802.0996,0
1494235499,22780.3008,22797.9004,22766.1992,22790.4492,0
1494235799,22774.8496,22797.1992,22773.5000,22781.9004,0
1494236099,22772.7500,22788.4492,22764.8496,22774.5000,0
1494236399,22778.9492,22788.6504,22768.5996,22773.9492,0
1494236699,22791.6992,22795.0000,22769.4492,22780.0996,0
1494236999,22766.0000,22793.5996,22761.5508,22793.4004,0
1494237299,22762.3008,22770.3496,22759.9004,22767.5508,0
1494237599,22754.1504,22773.9492,22746.3496,22765.4004,0
1494237600,22754.1992,22754.1992,22754.1992,22754.1992,0
1494301799,22780.2500,22822.4492,22776.9492,22820.8008,0
1494302099,22819.9492,22834.7500,22781.5508,22781.5508,0
1494302399,22795.6992,22829.1992,22792.3008,22819.6504,0
1494302699,22779.7500,22802.5000,22772.5996,22795.8008,0
1494302999,22703.2500,22782.4492,22681.5000,22778.5000,0
1494303299,22698.0996,22716.2500,22689.7500,22703.1504,0
1494303599,22687.5508,22698.4004,22665.3008,22696.5508,0
1494303899,22700.0996,22709.1504,22686.9004,22689.8008,0
1494304199,22704.3496,22710.1992,22680.8008,22701.1992,0
1494304499,22686.1504,22705.8496,22678.1992,22702.5000,0
1494304799,22689.0508,22693.1992,22675.1992,22686.6992,0
1494305099,22694.3008,22710.5996,22683.6504,22688.5508,0
1494305399,22708.3008,22715.8008,22693.1504,22694.7500,0
1494305699,22688.7500,22714.2500,22673.5508,22708.4004,0
1494305999,22703.1992,22709.7500,22677.4004,22689.8008,0
1494306299,22687.8496,22706.3496,22682.1504,22704.6504,0
1494306599,22681.5000,22695.7500,22675.1992,22687.5996,0
1494306899,22691.7500,22702.5000,22682.1992,22682.1992,0
1494307199,22672.0996,22698.5508,22670.2500,22691.6504,0
1494307499,22677.6992,22682.5508,22665.0996,22672.7500,0
1494307799,22698.1992,22701.6992,22676.0996,22677.7500,0
1494308099,22701.6504,22707.3496,22692.4492,22699.3496,0
1494308399,22709.0996,22720.7500,22701.8496,22702.0996,0
1494308699,22719.8496,22719.8496,22700.5508,22709.0508,0
1494308999,22713.5508,22727.5996,22704.9492,22720.5996,0
1494309298,22705.6504,22715.5000,22701.1504,22713.8496,0
1494309599,22705.1504,22713.6504,22700.8496,22704.9004,0
1494309899,22724.1504,22729.5000,22704.9004,22704.9004,0
1494310198,22720.0996,22734.4004,22716.3008,22722.2500,0
1494310499,22704.0000,22724.6992,22700.8008,22721.8008,0
1494310799,22701.3008,22712.8008,22700.6992,22702.3008,0
1494311099,22703.6992,22709.0996,22698.1504,22699.0000,0
1494311399,22710.1504,22712.9492,22702.5000,22703.9004,0
1494311699,22707.5996,22723.4004,22706.0000,22709.8496,0
1494311999,22710.3008,22712.0508,22701.0508,22707.7500,0
1494312299,22709.0996,22715.5000,22702.1992,22711.1992,0
1494312599,22711.2500,22716.3496,22700.9004,22705.3496,0
1494312899,22700.3008,22712.5996,22700.3008,22711.0000,0
1494313199,22690.3496,22706.8496,22686.4492,22698.9004,0
1494313499,22703.5000,22707.5000,22688.8496,22689.8008,0
1494313798,22714.6504,22714.8496,22699.4492,22704.1992,0
1494314099,22739.3008,22742.5508,22709.5000,22714.5000,0
1494314399,22739.8496,22743.6504,22730.2500,22741.4004,0
1494314699,22740.9004,22748.3008,22727.3496,22737.8008,0
1494314999,22749.5000,22749.5000,22731.0000,22742.1992,0
1494315299,22731.6504,22750.5508,22730.0508,22746.0996,0
1494315599,22744.9004,22745.1504,22726.0000,22731.8496,0
1494315899,22767.3008,22774.5000,22738.8008,22744.6504,0
1494316199,22750.4004,22766.3496,22745.4004,22762.5000,0
1494316499,22741.5508,22752.8008,22741.1504,22751.0996,0
1494316799,22734.2500,22744.0996,22718.7500,22742.2500,0
1494317099,22742.8008,22752.3496,22728.5996,22734.0996,0
1494317399,22737.3008,22758.4492,22735.2500,22742.9492,0
1494317698,22738.0508,22746.0996,22732.6504,22741.1504,0
1494317999,22734.5996,22751.7500,22730.4004,22738.3496,0
1494318299,22710.6992,22741.9492,22707.0508,22733.0508,0
1494318599,22718.5000,22729.0508,22698.4004,22710.4492,0
1494318899,22724.5000,22733.2500,22714.8496,22717.6992,0
1494319199,22746.1504,22755.4004,22720.9004,22720.9004,0
1494319499,22732.5996,22751.7500,22728.5996,22746.4492,0
1494319799,22740.2500,22753.5996,22731.9004,22735.9004,0
1494320099,22760.3008,22765.0508,22740.6992,22741.0508,0
1494320399,22737.5000,22762.0996,22731.8496,22761.3496,0
1494320699,22727.0996,22745.4492,22721.5508,22737.1992,0
1494320999,22739.6504,22745.0000,22715.1992,22726.3496,0
1494321299,22741.8008,22743.8496,22724.1504,22739.2500,0
1494321599,22706.6504,22742.7500,22706.3008,22742.7500,0
1494321899,22712.5996,22724.5000,22697.2500,22708.0508,0
1494322199,22709.0508,22720.4004,22707.3496,22712.6504,0
1494322499,22722.6992,22726.2500,22703.9492,22708.3008,0
1494322799,22713.5508,22725.1992,22710.5996,22723.6504,0
1494323099,22708.0996,22715.6504,22700.0996,22713.5996,0
1494323399,22714.2500,22722.9492,22697.9004,22708.4004,0
1494323699,22702.6992,22714.1504,22694.9492,22713.5996,0
1494323999,22714.7500,22725.5508,22699.3496,22703.3496,0
1494324000,22710.3496,22710.3496,22710.3496,22710.3496,0
1494388199,22784.3008,22799.3496,22756.0996,22767.7500,0
1494388499,22764.4492,22785.5996,22751.5000,22783.6504,0
1494388799,22761.9492,22772.0996,22755.3008,22763.6504,0
1494389099,22745.0000,22771.0508,22742.7500,22761.2500,0
1494389398,22774.3496,22776.2500,22744.0508,22744.7500,0
1494389699,22750.5996,22778.5996,22750.5996,22773.3496,0
1494389999,22758.2500,22773.8496,22748.4492,22750.0996,0
1494390299,22791.0000,22796.6504,22757.8008,22757.8008,0
1494390599,22802.4492,22811.4492,22785.1992,22790.9492,0
1494390899,22820.4004,22832.0000,22798.6504,22798.7500,0
1494391199,22828.4492,22836.4004,22810.6992,22825.5000,0
1494391499,22822.2500,22844.1504,22812.0000,22830.8496,0
1494391799,22830.2500,22838.1504,22820.9004,22822.4004,0
1494392099,22812.6504,22828.9004,22803.1504,22828.9004,0
1494392399,22804.1992,22821.8008,22802.5000,22812.4004,0
1494392699,22817.0000,22828.4492,22802.4492,22804.7500,0
1494392999,22815.6504,22827.2500,22812.4492,22817.4492,0
1494393299,22818.1992,22824.0000,22809.5508,22814.4004,0
1494393599,22820.4492,22823.5000,22801.7500,22818.0996,0
1494393899,22824.2500,22829.8496,22815.4492,22817.3496,0
1494394199,22833.4492,22834.8008,22819.2500,22823.3008,0
1494394499,22832.1504,22843.9492,22829.3496,22833.1992,0
1494394799,22843.9004,22851.8008,22830.4492,22830.7500,0
1494395099,22834.0000,22845.0508,22832.0996,22843.5996,0
1494395397,22818.3496,22834.6504,22816.1992,22834.1504,0
1494395699,22818.0000,22819.0000,22805.4492,22817.9492,0
1494395999,22811.6504,22826.5996,22810.5508,22817.6992,0
1494396299,22806.9004,22815.4004,22804.0000,22811.5000,0
1494396599,22796.9492,22808.8008,22795.3496,22807.7500,0
1494396899,22806.9004,22806.9004,22784.2500,22797.1504,0
1494397199,22814.0996,22821.0996,22801.4492,22806.8496,0
1494397499,22819.6504,22820.8496,22809.9004,22815.3496,0
1494397799,22829.6992,22834.1992,22811.8008,22820.3008,0
1494398099,22817.3008,22836.9492,22816.5996,22833.1504,0
1494398399,22817.8496,22827.9492,22811.5508,22816.7500,0
1494398699,22824.6504,22833.6504,22814.9004,22817.5000,0
1494398999,22826.1504,22830.9492,22819.8496,22823.7500,0
1494399299,22839.0996,22840.6992,22824.3496,22826.0000,0
1494399599,22836.3008,22850.0000,22831.0000,22837.4004,0
1494399899,22796.7500,22840.0508,22795.3496,22834.4492,0
1494400199,22816.3496,22821.3496,22790.8008,22799.0000,0
1494400499,22830.4492,22830.4492,22813.6504,22818.5996,0
1494400798,22832.9492,22838.9004,22826.0996,22829.9492,0
1494401099,22830.6992,22839.1992,22826.5996,22831.1504,0
1494401399,22825.7500,22836.6504,22824.5508,22831.5508,0
1494401699,22819.4492,22828.4492,22816.4492,22823.8496,0
1494401999,22844.5000,22845.9004,22815.8008,22818.8008,0
1494402298,22834.4492,22846.3496,22829.6504,22843.8496,0
1494402598,22834.8008,22844.0000,22833.0000,22834.6504,0
1494402899,22836.8008,22843.7500,22833.5000,22834.0996,0
1494403199,22831.5508,22838.3496,22824.0508,22836.9492,0
1494403499,22801.5508,22834.4004,22801.5508,22831.0996,0
1494403799,22814.7500,22818.9492,22794.0996,22799.2500,0
1494404099,22812.1992,22816.1504,22800.1992,22815.2500,0
1494404399,22796.4492,22815.9492,22785.0000,22813.0000,0
1494404699,22809.3008,22816.8496,22794.5996,22795.9492,0
1494404999,22799.1504,22816.6992,22793.8496,22809.9492,0
1494405299,22812.0508,22825.0000,22801.9004,22803.3008,0
1494405599,22803.3496,22816.3496,22802.7500,22815.8496,0
1494405899,22802.2500,22811.5508,22796.5508,22802.0996,0
1494406199,22789.0000,22813.0508,22787.0000,22802.1504,0
1494406499,22786.9492,22802.5508,22781.9492,22788.8496,0
1494406799,22810.9004,22816.7500,22784.7500,22787.1504,0
1494407099,22810.9492,22816.2500,22802.1504,22813.1992,0
1494407399,22814.4004,22819.1504,22806.6504,22811.5996,0
1494407699,22793.5000,22816.5508,22788.4004,22814.5508,0
1494407999,22809.9004,22811.0508,22789.0996,22793.5996,0
1494408299,22805.4004,22822.7500,22791.3496,22810.4004,0
1494408599,22804.5996,22809.6992,22786.0996,22804.8496,0
1494408898,22829.8496,22833.8008,22804.1992,22805.7500,0
1494409198,22810.5508,22831.8008,22809.7500,22830.0000,0
1494409499,22817.9492,22820.6992,22806.4492,22810.3496,0
1494409798,22834.9492,22841.0996,22814.0000,22819.5508,0
1494410099,22845.0508,22848.4492,22828.6992,22835.0000,0
1494410399,22850.0508,22856.8008,22835.0508,22846.5508,0
1494410400,22848.4492,22848.4492,22848.4492,22848.4492,0
1494474599,22901.4492,22930.8496,22881.0000,22916.0508,0
1494474899,22894.4004,22906.0000,22886.9004,22901.0996,0
1494475199,22921.8496,22922.9004,22888.0996,22894.8008,0
1494475499,22910.5996,22922.8008,22900.6504,22921.3008,0
1494475799,22889.4492,22908.0000,22888.5996,22907.8496,0
1494476099,22900.2500,22908.6992,22879.0996,22890.4492,0
1494476399,22883.4492,22905.0000,22880.9004,22900.4004,0
1494476699,22885.8496,22891.0508,22877.2500,22883.0996,0
1494476999,22880.2500,22891.5000,22874.0508,22885.7500,0
1494477299,22876.5000,22887.2500,22874.4004,22881.5996,0
1494477599,22860.6504,22882.6504,22857.4492,22875.9492,0
1494477899,22871.5996,22882.3496,22858.8496,22859.0000,0
1494478199,22872.5996,22883.5996,22865.7500,22870.5508,0
1494478499,22883.3008,22887.8496,22874.3496,22874.3496,0
1494478799,22894.8008,22896.5000,22879.0000,22881.8496,0
1494479099,22913.1992,22917.7500,22894.6992,22895.9492,0
1494479399,22919.5996,22922.4004,22906.9004,22909.4004,0
1494479699,22918.5508,22923.1504,22907.3496,22918.8496,0
1494479999,22914.9492,22925.5996,22907.9004,22919.9492,0
1494480299,22916.0996,22920.5508,22905.0508,22914.0996,0
1494480599,22919.8496,22927.4004,22906.8008,22913.4492,0
1494480899,22918.8496,22923.6992,22910.8008,22919.3008,0
1494481199,22928.5996,22932.6992,22910.8496,22919.3496,0
1494481499,22924.5996,22937.1992,22922.0508,22929.4492,0
1494481799,22926.5000,22930.1992,22909.0996,22925.0508,0
1494482099,22908.3496,22929.8496,22902.8496,22927.0000,0
1494482399,22920.4004,22921.0508,22908.4004,22908.4004,0
1494482699,22939.9004,22940.9492,22910.4004,22920.3008,0
1494482999,22955.0996,22955.0996,22937.0996,22940.6992,0
1494483299,22945.8496,22955.2500,22935.0000,22954.9492,0
1494483599,22941.5996,22955.8008,22938.0996,22946.0000,0
1494483899,22939.4492,22944.4492,22927.6992,22941.0508,0
1494484199,22952.2500,22960.7500,22937.6504,22940.5000,0
1494484499,22945.5000,22960.3008,22943.4492,22953.1992,0
1494484799,22948.8008,22958.1504,22943.3008,22944.8496,0
1494485099,22944.3008,22958.4492,22940.9004,22946.0508,0
1494485399,22942.8008,22954.6504,22941.6504,22944.3496,0
1494485699,22928.3008,22950.1992,22925.1504,22944.1992,0
1494485999,22933.6992,22941.2500,22924.6504,22928.1504,0
1494486299,22944.0996,22955.1992,22933.0508,22937.5996,0
1494486599,22942.8008,22953.3496,22933.4492,22942.0996,0
1494486899,22937.6504,22950.3496,22934.3496,22948.3496,0
1494487199,22949.0508,22954.9492,22932.4492,22937.0508,0
1494487499,22958.5996,22961.6992,22945.7500,22954.5000,0
1494487798,22936.5996,22977.1992,22936.4492,22960.9004,0
1494488099,22925.2500,22941.5996,22919.0508,22933.8008,0
1494488399,22919.3496,22946.5000,22917.8496,22923.7500,0
1494488699,22902.2500,22925.8496,22897.0000,22917.5000,0
1494488999,22903.0996,22910.5000,22881.1504,22901.3008,0
1494489299,22869.6504,22909.8496,22869.6504,22903.1504,0
1494489599,22893.6504,22904.0000,22870.8008,22871.5996,0
1494489899,22877.7500,22902.1504,22877.7500,22896.0000,0
1494490198,22885.9004,22898.0996,22873.4004,22878.0508,0
1494490499,22884.5000,22897.1504,22873.0508,22885.9492,0
1494490799,22875.0000,22897.0996,22869.0508,22885.3008,0
1494491099,22906.3008,22909.8008,22874.5000,22875.4004,0
1494491399,22892.1504,22912.4004,22890.5508,22905.1992,0
1494491699,22884.9004,22903.1504,22878.4492,22890.6504,0
1494491998,22903.7500,22906.4004,22884.8496,22884.8496,0
1494492299,22876.8496,22910.0996,22866.9492,22904.5508,0
1494492599,22882.4492,22899.3008,22872.0000,22876.4004,0
1494492899,22894.1504,22899.9004,22881.5508,22881.5508,0
1494493199,22916.5000,22916.5000,22891.5000,22898.3496,0
1494493499,22900.4492,22918.5996,22894.2500,22915.2500,0
1494493799,22900.8008,22908.2500,22895.0000,22900.5000,0
1494494099,22897.1992,22907.8496,22883.3496,22901.3496,0
1494494399,22877.7500,22903.3496,22873.5996,22895.8008,0
1494494699,22888.6504,22892.6504,22876.7500,22877.8008,0
1494494999,22860.6504,22895.6504,22857.8496,22887.3496,0
1494495299,22845.8496,22878.7500,22835.8496,22860.0996,0
1494495599,22830.4492,22854.5996,22819.0000,22845.5508,0
1494495899,22838.9004,22845.9004,22823.6504,22832.1992,0
1494496199,22826.8008,22843.9004,22818.5996,22838.7500,0
1494496499,22779.6992,22831.5508,22778.3008,22827.4004,0
1494496799,22773.8496,22803.1992,22772.0508,22779.4492,0
1494496800,22818.4492,22818.4492,22818.4492,22818.4492,0
1494560999,22823.2500,22857.3496,22802.2500,22840.4004,0
1494561299,22781.4492,22838.0996,22767.8496,22823.0996,0
1494561599,22789.5508,22796.2500,22760.9492,22781.9004,0
1494561899,22762.8008,22800.8008,22758.2500,22790.4492,0
1494562199,22756.9492,22765.7500,22743.0996,22761.9492,0
1494562499,22754.8496,22777.0996,22743.9004,22757.5000,0
1494562799,22747.0000,22755.4492,22719.0508,22755.0000,0
1494563099,22740.3496,22766.7500,22725.6504,22745.9004,0
1494563399,22742.1992,22749.3496,22710.6992,22738.5508,0
1494563699,22757.3008,22764.6504,22731.0000,22743.0508,0
1494563999,22754.6504,22764.2500,22741.3496,22759.6504,0
1494564299,22766.0000,22770.9492,22749.9492,22752.8008,0
1494564599,22763.3008,22769.0996,22748.0508,22764.9492,0
1494564899,22776.5508,22779.2500,22758.9492,22763.1992,0
1494565199,22771.9004,22781.5508,22764.6992,22776.6992,0
1494565499,22747.0000,22772.9492,22742.5996,22771.4492,0
1494565799,22739.1992,22753.0996,22737.9004,22747.8496,0
1494566099,22739.9004,22747.0508,22737.8496,22740.3496,0
1494566399,22735.3496,22740.5996,22729.1992,22739.3496,0
1494566698,22743.1504,22747.6504,22732.6992,22739.4492,0
1494566999,22730.6504,22745.5000,22727.5508,22741.7500,0
1494567299,22730.3496,22738.5996,22728.2500,22731.2500,0
1494567599,22738.2500,22738.9004,22727.8008,22731.0508,0
1494567899,22758.2500,22759.4004,22730.5996,22737.8008,0
1494568199,22757.2500,22764.1504,22748.4004,22758.0996,0
1494568499,22742.0996,22760.3008,22740.4004,22758.9004,0
1494568799,22711.0508,22745.9004,22711.0508,22742.4004,0
1494569099,22711.8496,22713.0996,22697.0508,22711.6504,0
1494569399,22705.2500,22720.6992,22702.0508,22712.1992,0
1494569699,22718.8008,22719.5996,22704.1504,22706.5000,0
1494569999,22721.7500,22729.1504,22709.9492,22718.6992,0
1494570299,22691.8496,22722.1992,22688.8008,22720.5508,0
1494570599,22688.3496,22706.0996,22678.4004,22691.9004,0
1494570899,22702.7500,22707.0000,22672.6504,22687.2500,0
1494571198,22692.6504,22706.1992,22684.8496,22702.9004,0
1494571499,22673.7500,22703.4492,22666.7500,22692.7500,0
1494571799,22681.8496,22687.8008,22670.0996,22674.5000,0
1494572099,22711.0000,22719.1504,22680.6992,22680.6992,0
1494572399,22698.8008,22716.0000,22692.6504,22710.5996,0
1494572699,22680.5000,22697.3008,22678.3008,22694.3008,0
1494572999,22691.3496,22694.3008,22674.2500,22680.1504,0
1494573299,22670.6504,22692.7500,22670.0508,22690.8008,0
1494573599,22665.4004,22673.0000,22655.9004,22673.0000,0
1494573899,22660.4492,22673.8008,22649.4004,22664.8008,0
1494574199,22663.0996,22674.0508,22656.6504,22659.5996,0
1494574499,22679.0508,22679.9004,22660.1504,22660.5996,0
1494574798,22678.5508,22701.4492,22671.8496,22678.0000,0
1494575099,22675.0996,22684.7500,22671.0996,22677.5508,0
1494575399,22678.0996,22688.6504,22673.5996,22674.8008,0
1494575699,22675.1504,22682.6992,22670.7500,22677.5508,0
1494575999,22676.9004,22692.0996,22672.2500,22675.3496,0
1494576299,22682.8496,22688.9492,22671.3008,22680.2500,0
1494576598,22672.8496,22688.4492,22672.0508,22688.4492,0
1494576899,22668.8496,22680.2500,22657.4492,22673.5508,0
1494577199,22688.2500,22695.4492,22671.6992,22673.5508,0
1494577499,22706.8496,22709.5508,22687.6504,22692.1504,0
1494577799,22653.7500,22708.6992,22632.2500,22707.0996,0
1494578099,22654.0508,22673.7500,22651.5000,22655.3008,0
1494578399,22632.9004,22667.2500,22619.5508,22654.8496,0
1494578699,22646.5508,22666.3008,22630.4004,22633.9004,0
1494578999,22658.3496,22658.3496,22633.8496,22646.0996,0
1494579299,22668.3008,22675.1504,22654.3496,22658.4492,0
1494579599,22685.0508,22696.3496,22666.4004,22669.0508,0
1494579899,22637.8008,22686.8496,22635.8496,22684.6992,0
1494580199,22637.1992,22651.8008,22613.4004,22638.5508,0
1494580499,22613.2500,22641.1504,22611.0508,22637.8008,0
1494580799,22605.0996,22615.6992,22579.3496,22612.5000,0
1494581099,22631.0508,22644.6504,22602.0000,22605.8008,0
1494581399,22620.0508,22635.7500,22604.9004,22630.8496,0
1494581699,22636.9492,22642.5508,22620.5996,22620.7500,0
1494581999,22653.0996,22665.3008,22634.8008,22634.9004,0
1494582299,22645.5996,22659.3008,22636.4004,22655.0996,0
1494582599,22682.9004,22685.5000,22642.1992,22642.5996,0
1494582899,22689.4492,22698.7500,22676.8496,22685.8008,0
1494583199,22695.2500,22699.9004,22680.6992,22689.9492,0
1494583200,22693.3008,22693.3008,22693.3008,22693.3008,0
1494820199,22790.0000,22790.3496,22735.6504,22735.8496,0
1494820499,22790.6504,22817.0000,22782.9004,22793.3496,0
1494820799,22791.0508,22811.3008,22783.0000,22791.6504,0
1494821099,22769.8008,22806.9004,22767.2500,22793.9004,0
1494821399,22776.0508,22786.1992,22766.4004,22773.1992,0
1494821699,22760.7500,22782.6504,22759.5508,22776.0996,0
1494821999,22746.7500,22774.9004,22739.2500,22759.8008,0
1494822299,22775.5508,22777.7500,22746.7500,22747.1992,0
1494822599,22777.7500,22784.1504,22751.4004,22776.4004,0
1494822899,22791.8008,22807.5000,22779.7500,22779.7500,0
1494823199,22799.3496,22809.0000,22789.5000,22793.6992,0
1494823499,22803.0000,22812.8496,22796.5000,22799.8008,0
1494823799,22827.4492,22828.0508,22803.8496,22804.0508,0
1494824099,22823.5000,22829.5000,22815.0000,22828.5508,0
1494824399,22833.0996,22845.8496,22817.0508,22823.5996,0
1494824699,22829.3496,22838.5508,22812.9492,22833.9492,0
1494824999,22843.0000,22850.6992,22822.0508,22828.0996,0
1494825299,22851.4004,22858.7500,22841.4004,22842.4004,0
1494825599,22844.6504,22855.6504,22829.1504,22850.9492,0
1494825899,22832.5000,22845.5508,22828.3008,22843.9004,0
1494826199,22832.5508,22840.5508,22825.6504,22833.8008,0
1494826499,22833.6504,22841.1504,22828.3496,22830.5000,0
1494826799,22835.8008,22844.0000,22825.1504,22832.9492,0
1494827099,22838.8008,22842.2500,22829.5508,22836.0996,0
1494827399,22851.5996,22851.5996,22835.8008,22839.3496,0
1494827699,22852.9492,22852.9492,22837.3496,22851.3008,0
1494827999,22854.0508,22859.2500,22839.5000,22851.9492,0
1494828299,22856.1504,22866.3496,22851.8496,22853.1504,0
1494828599,22856.1504,22865.8008,22850.9492,22855.6504,0
1494828899,22854.6992,22858.1504,22840.6992,22855.5996,0
1494829199,22832.0996,22854.9492,22832.0996,22854.9492,0
1494829499,22831.8008,22836.1992,22825.9004,22829.4004,0
1494829799,22834.5996,22835.0996,22821.6504,22831.5996,0
1494830099,22888.1504,22890.9004,22833.4004,22834.6992,0
1494830399,22858.1504,22889.5996,22858.0996,22883.3496,0
1494830699,22854.5508,22862.5508,22848.9004,22858.5508,0
1494830999,22847.0508,22857.4004,22840.5996,22855.0996,0
1494831299,22847.3008,22852.2500,22841.9004,22847.8008,0
1494831599,22855.9492,22858.3496,22840.9492,22847.0996,0
1494831899,22863.6504,22866.8008,22853.4004,22856.8008,0
1494832199,22856.9492,22865.4004,22854.0996,22863.6992,0
1494832499,22866.8496,22872.9492,22854.0996,22856.4004,0
1494832797,22847.4492,22856.8496,22847.4492,22852.4492,0
1494833099,22781.6992,22850.4492,22781.6992,22847.5996,0
1494833399,22784.9492,22803.4492,22767.5508,22782.9004,0
1494833699,22807.1992,22809.3496,22784.0000,22784.2500,0
1494833999,22798.1504,22807.3008,22795.8496,22807.3008,0
1494834299,22782.5996,22798.8496,22780.8008,22798.8496,0
1494834599,22770.0000,22795.3496,22769.4004,22784.0508,0
1494834899,22786.1504,22789.9492,22764.8496,22767.4492,0
1494835199,22790.5996,22796.3008,22780.9004,22785.1992,0
1494835499,22784.4492,22793.1504,22777.6992,22790.6992,0
1494835799,22781.1992,22792.2500,22770.3496,22784.9492,0
1494836099,22781.7500,22788.9004,22775.2500,22780.8496,0
1494836399,22792.6992,22797.6992,22780.3008,22781.5508,0
1494836699,22796.5996,22797.7500,22788.5996,22791.6504,0
1494836997,22794.7500,22798.0000,22781.0508,22796.7500,0
1494837299,22799.9492,22807.2500,22792.0508,22792.5508,0
1494837599,22817.5000,22819.5000,22790.6504,22799.8008,0
1494837899,22813.2500,22825.5508,22811.6992,22815.1504,0
1494838199,22825.4492,22826.3496,22811.3496,22811.9004,0
1494838499,22817.6504,22828.0508,22801.1992,22824.6992,0
1494838799,22808.5996,22823.9492,22794.6504,22816.0996,0
1494839099,22830.3496,22839.1504,22806.9492,22808.3008,0
1494839399,22826.5996,22834.6992,22806.6504,22828.1504,0
1494839699,22822.9492,22830.0000,22812.8008,22826.1992,0
1494839999,22822.1992,22830.4004,22813.3496,22823.4492,0
1494840299,22820.2500,22824.2500,22810.4492,22821.9004,0
1494840599,22827.5996,22831.3496,22816.2500,22820.1992,0
1494840899,22833.1992,22835.9492,22822.0508,22825.5508,0
1494841199,22836.7500,22842.8496,22827.5000,22832.8496,0
1494841499,22821.5508,22838.4004,22821.0996,22834.3496,0
1494841799,22820.0996,22833.0000,22812.2500,22821.3496,0
1494842099,22809.0508,22819.8008,22804.4492,22818.8496,0
1494842399,22805.9004,22827.9492,22803.7500,22808.4492,0
1494842400,22803.0996,22803.0996,22803.0996,22803.0996,0
